0,0,0
1011404,100,64198
1011403,87.33,56065
1011402,76.365,49026
1011401,67.163,43118
1011400,59.142,37969
1011305,56.559,36311
1011304,56.558,36310
1011303,50.061,32139
1011302,43.944,28212
1011301,38.627,24799
1011300,33.926,21781
1011205,31.802,20417
1011204,31.798,20415
1011203,28.344,18197
1011202,24.996,16048
1011201,22.026,14141
1011200,19.384,12445
1011105,17.912,11500
1011104,17.909,11498
1011103,15.885,10199
1011102,14.069,9033
1011101,12.493,8021
1011100,11.056,7099
1011004,9.902,6358
1011003,8.91,5721
1011002,7.93,5092
1011001,6.982,4483
1011000,6.251,4014
1010904,5.531,3552
1010903,5.033,3232
1010902,4.552,2923
1010901,4.12,2646
1010900,3.735,2399
1010804,3.26,2094
1010803,3,1927
1010802,2.774,1782
1010801,2.558,1643
1010800,2.352,1511
1010704,2.02,1298
1010703,1.9,1221
1010702,1.787,1148
1010701,1.689,1085
1010700,1.598,1027
1010604,1.383,889
1010603,1.319,848
1010602,1.277,821
1010601,1.245,800
1010600,1.22,784
1010504,1.079,694
1010503,1.045,672
1010502,1.031,663
1010501,1.019,655
1010500,1.008,648
1010404,0.913,587
1010403,0.907,583
1010402,0.9,579
1010401,0.894,575
1010400,0.886,570
1010304,0.83,534
1010303,0.829,533
1010302,0.821,528
1010300,0.819,527
1010204,0.785,505
1010203,0.784,504
1010201,0.782,503
1010200,0.777,500
1010000,0.745,479
1000000,0,0
2080900,100,64198
2080900,99.997,64197
2080712,99.995,64196
2080700,99.994,64195
2080613,99.992,64194
2080608,99.991,64193
2080600,99.989,64192
2080500,99.986,64190
2080400,99.983,64188
2080306,99.98,64186
2080300,99.978,64185
2080200,99.96,64173
2041444,99.941,64161
2041443,99.936,64158
2041442,99.93,64154
2041441,99.927,64152
2041433,99.925,64151
2041432,99.924,64150
2041431,99.921,64148
2041421,99.919,64147
2041404,99.917,64146
2041403,99.748,64037
2041402,99.692,64001
2041400,99.687,63998
2041344,99.685,63997
2041343,99.671,63988
2041342,99.653,63976
2041341,99.636,63965
2041333,99.628,63960
2041332,99.609,63948
2041331,99.595,63939
2041321,99.59,63936
2041304,99.586,63933
2041303,99.517,63889
2041302,99.481,63866
2041300,99.467,63857
2041244,99.464,63855
2041243,99.35,63782
2041242,99.145,63650
2041241,99.017,63568
2041234,98.986,63548
2041233,98.984,63547
2041232,98.919,63505
2041231,98.833,63450
2041224,98.808,63434
2041223,98.807,63433
2041222,98.805,63432
2041221,98.777,63414
2041211,98.752,63398
2041204,98.737,63388
2041203,98.304,63110
2041202,98.115,62989
2041201,98.068,62959
2041200,98.067,62958
2041144,98.028,62933
2041143,97.73,62742
2041142,97.299,62465
2041141,97.011,62280
2041133,96.956,62245
2041132,96.83,62164
2041131,96.598,62015
2041122,96.544,61980
2041121,96.452,61921
2041111,96.417,61899
2041104,96.414,61897
2041103,95.512,61318
2041102,95.143,61081
2041101,95.008,60994
2041100,95.003,60991
2041044,94.911,60932
2041043,94.612,60740
2041042,94.009,60353
2041041,93.606,60094
2041033,93.514,60035
2041032,93.35,59930
2041031,93.028,59723
2041023,92.948,59672
2041022,92.947,59671
2041021,92.856,59613
2041014,92.769,59557
2041013,92.768,59556
2041012,92.765,59554
2041011,92.763,59553
2041004,92.757,59549
2041003,91.423,58693
2041002,90.807,58297
2041001,90.626,58181
2041000,90.615,58174
2040944,90.428,58054
2040943,90.009,57785
2040942,89.299,57329
2040941,88.923,57088
2040934,88.813,57017
2040933,88.811,57016
2040932,88.607,56885
2040931,88.23,56643
2040924,88.132,56580
2040922,88.129,56578
2040921,88.018,56507
2040914,87.908,56436
2040912,87.906,56435
2040911,87.905,56434
2040904,87.897,56429
2040903,86.243,55367
2040902,85.473,54873
2040901,85.241,54724
2040900,85.225,54714
2040844,84.982,54558
2040843,84.609,54318
2040842,83.78,53786
2040841,83.355,53513
2040834,83.224,53429
2040833,83.219,53426
2040832,82.989,53278
2040831,82.598,53027
2040823,82.492,52959
2040822,82.49,52958
2040821,82.369,52880
2040814,82.286,52827
2040813,82.284,52826
2040812,82.283,52825
2040811,82.281,52824
2040804,82.266,52814
2040803,80.291,51546
2040802,79.361,50949
2040801,79.085,50772
2040800,79.074,50765
2040744,78.711,50532
2040743,78.37,50313
2040742,77.538,49779
2040741,77.04,49459
2040733,76.949,49401
2040732,76.688,49233
2040731,76.252,48953
2040722,76.143,48883
2040721,76.007,48796
2040713,75.91,48734
2040712,75.907,48732
2040711,75.904,48730
2040704,75.887,48719
2040703,73.789,47372
2040702,72.901,46802
2040701,72.58,46596
2040700,72.558,46582
2040644,72.166,46330
2040643,71.775,46079
2040642,71.086,45637
2040641,70.664,45366
2040633,70.536,45284
2040632,70.301,45133
2040631,69.912,44883
2040623,69.826,44828
2040622,69.825,44827
2040621,69.714,44756
2040613,69.605,44686
2040612,69.602,44684
2040611,69.6,44683
2040604,69.578,44669
2040603,67.533,43356
2040602,66.522,42707
2040601,66.192,42495
2040600,66.177,42485
2040544,65.77,42224
2040543,65.448,42017
2040542,64.765,41579
2040541,64.407,41349
2040534,64.332,41301
2040533,64.329,41299
2040532,64.138,41176
2040531,63.785,40950
2040523,63.704,40898
2040522,63.703,40897
2040521,63.599,40830
2040511,63.519,40779
2040504,63.508,40772
2040503,61.539,39508
2040502,60.684,38959
2040501,60.396,38774
2040500,60.371,38758
2040444,59.927,38473
2040443,59.602,38264
2040442,58.996,37875
2040441,58.678,37671
2040433,58.594,37617
2040432,58.402,37494
2040431,58.109,37306
2040424,58.013,37244
2040422,58.011,37243
2040421,57.916,37182
2040413,57.843,37135
2040412,57.841,37134
2040411,57.84,37133
2040404,57.835,37130
2040403,55.9,35888
2040402,54.989,35303
2040401,54.668,35097
2040400,54.647,35083
2040344,54.164,34773
2040343,53.866,34582
2040342,53.375,34267
2040341,53.061,34065
2040333,53.009,34032
2040332,52.852,33931
2040331,52.559,33743
2040324,52.475,33689
2040322,52.472,33687
2040321,52.397,33639
2040314,52.34,33602
2040313,52.338,33601
2040312,52.337,33600
2040311,52.335,33599
2040304,52.33,33596
2040303,50.586,32476
2040302,49.715,31917
2040301,49.447,31745
2040300,49.427,31732
2040244,48.861,31369
2040243,48.628,31219
2040242,48.182,30933
2040241,47.953,30786
2040233,47.886,30743
2040232,47.76,30662
2040231,47.547,30525
2040222,47.483,30484
2040221,47.431,30451
2040212,47.386,30422
2040211,47.383,30420
2040204,47.371,30412
2040203,45.547,29241
2040202,44.623,28648
2040201,44.357,28477
2040200,44.346,28470
2021413,43.776,28104
2021412,43.568,27971
2021411,43.209,27740
2021410,42.822,27492
2021409,42.42,27234
2021408,42.118,27040
2021407,41.847,26866
2021406,41.599,26707
2021405,41.465,26621
2021404,41.353,26549
2021403,41.299,26514
2021402,41.269,26495
2021400,41.244,26479
2021314,41.176,26435
2021312,41.087,26378
2021311,40.621,26079
2021310,40.034,25702
2021309,39.392,25290
2021308,38.852,24943
2021307,38.414,24662
2021306,38.043,24424
2021305,37.831,24288
2021304,37.652,24173
2021303,37.556,24111
2021302,37.482,24064
2021300,37.45,24043
2021214,37.364,23988
2021213,37.272,23929
2021211,37,23754
2021210,36.229,23259
2021209,35.51,22798
2021208,34.777,22327
2021207,34.182,21945
2021206,33.707,21640
2021205,33.372,21425
2021204,33.152,21284
2021203,33.037,21210
2021202,32.975,21170
2021200,32.92,21135
2021114,32.839,21083
2021113,32.724,21009
2021112,32.403,20803
2021110,32.09,20602
2021109,31.232,20051
2021108,30.392,19512
2021107,29.643,19031
2021106,29.101,18683
2021105,28.742,18453
2021104,28.493,18293
2021103,28.348,18200
2021102,28.249,18136
2021100,28.188,18097
2021014,28.115,18050
2021013,28.027,17994
2021012,27.773,17831
2021011,27.446,17621
2021009,27.037,17358
2021008,26.08,16744
2021007,25.259,16217
2021006,24.608,15799
2021005,24.205,15540
2021004,23.912,15352
2021003,23.756,15252
2021002,23.661,15191
2021000,23.613,15160
2020914,23.533,15109
2020913,23.452,15057
2020912,23.171,14876
2020911,22.823,14653
2020910,22.432,14402
2020908,22.071,14170
2020907,21.241,13637
2020906,20.613,13234
2020905,20.131,12925
2020904,19.839,12737
2020903,19.675,12632
2020902,19.582,12572
2020900,19.519,12532
2020814,19.445,12484
2020813,19.354,12426
2020812,19.08,12250
2020811,18.673,11989
2020810,18.25,11717
2020809,17.84,11454
2020807,17.469,11216
2020806,16.753,10756
2020805,16.215,10411
2020804,15.912,10216
2020803,15.742,10107
2020802,15.675,10064
2020800,15.602,10017
2020714,15.564,9993
2020713,15.476,9936
2020712,15.215,9769
2020711,14.845,9531
2020710,14.471,9291
2020709,14.063,9029
2020708,13.764,8837
2020706,13.457,8640
2020705,12.933,8304
2020704,12.641,8116
2020703,12.494,8022
2020702,12.437,7985
2020700,12.374,7945
2020614,12.327,7915
2020613,12.265,7875
2020612,12.049,7736
2020611,11.711,7519
2020610,11.352,7289
2020609,11.022,7077
2020608,10.712,6878
2020607,10.463,6718
2020605,10.248,6580
2020604,9.901,6357
2020603,9.754,6263
2020602,9.684,6218
2020600,9.614,6173
2020514,9.574,6147
2020513,9.53,6119
2020512,9.312,5979
2020511,9.016,5789
2020510,8.731,5606
2020509,8.425,5410
2020508,8.192,5260
2020507,7.971,5118
2020506,7.787,5000
2020504,7.637,4904
2020503,7.468,4795
2020502,7.388,4744
2020500,7.33,4707
2020414,7.296,4685
2020413,7.232,4644
2020412,7.049,4526
2020411,6.809,4372
2020410,6.527,4191
2020409,6.305,4049
2020408,6.084,3907
2020407,5.929,3807
2020406,5.79,3718
2020405,5.686,3651
2020403,5.629,3615
2020402,5.552,3565
2020400,5.495,3529
2020314,5.46,3506
2020313,5.388,3460
2020312,5.246,3369
2020311,5.036,3234
2020310,4.788,3075
2020309,4.605,2957
2020308,4.446,2855
2020307,4.33,2781
2020306,4.237,2721
2020305,4.175,2681
2020304,4.109,2639
2020302,4.069,2613
2020300,3.985,2559
2020214,3.953,2539
2020213,3.899,2504
2020212,3.765,2418
2020211,3.592,2307
2020210,3.424,2199
2020209,3.284,2109
2020208,3.176,2040
2020207,3.08,1978
2020206,3.027,1944
2020205,2.961,1902
2020204,2.924,1878
2020203,2.883,1852
2020200,2.832,1819
2011413,2.812,1806
2011412,2.802,1800
2011411,2.712,1742
2011410,2.573,1653
2011409,2.442,1569
2011408,2.301,1478
2011407,2.199,1413
2011406,2.098,1348
2011405,2.028,1303
2011404,1.958,1258
2011403,1.882,1209
2011402,1.808,1162
2011401,1.771,1138
2011400,1.752,1126
2011312,1.751,1125
2011311,1.724,1108
2011310,1.656,1064
2011309,1.587,1020
2011308,1.488,956
2011307,1.403,902
2011306,1.319,848
2011305,1.249,803
2011304,1.19,765
2011303,1.153,741
2011302,1.118,719
2011301,1.101,708
2011211,1.089,700
2011210,1.056,679
2011209,0.995,640
2011208,0.928,597
2011207,0.861,554
2011206,0.804,517
2011205,0.751,483
2011204,0.71,457
2011203,0.678,436
2011202,0.659,424
2011201,0.654,421
2011200,0.646,416
2011110,0.645,415
2011109,0.625,402
2011108,0.581,374
2011107,0.534,344
2011106,0.483,311
2011105,0.441,284
2011104,0.413,266
2011103,0.394,254
2011102,0.369,238
2011101,0.361,233
2011013,0.354,228
2011009,0.352,227
2011008,0.332,214
2011007,0.288,186
2011006,0.262,169
2011005,0.238,154
2011004,0.226,146
2011003,0.212,137
2011002,0.198,128
2011001,0.192,124
2010908,0.19,123
2010907,0.174,113
2010906,0.16,104
2010905,0.145,94
2010904,0.137,89
2010903,0.125,81
2010902,0.115,75
2010901,0.112,73
2010807,0.109,71
2010806,0.098,64
2010805,0.09,59
2010804,0.081,53
2010803,0.073,48
2010802,0.072,47
2010801,0.069,45
2010706,0.067,44
2010705,0.062,41
2010704,0.061,40
2010703,0.055,36
2010609,0.05,33
2010605,0.048,32
2010604,0.044,29
2010603,0.039,26
2010602,0.03,20
2010601,0.028,19
2010504,0.025,17
2010502,0.023,16
2010501,0.022,15
2010404,0.02,14
2010403,0.016,11
2010304,0.011,8
2010303,0.009,7
2010204,0.005,4
2010203,0.003,3
2010201,0.002,2
2000000,0,0
3081411,100,64198
3081411,99.997,64197
3081400,99.995,64196
3081306,99.994,64195
3081304,99.992,64194
3081300,99.991,64193
3081206,99.988,64191
3081204,99.986,64190
3081202,99.984,64189
3081200,99.983,64188
3081109,99.977,64184
3081103,99.974,64182
3081100,99.972,64181
3081008,99.96,64173
3081007,99.956,64171
3081005,99.952,64168
3081004,99.944,64163
3081003,99.941,64161
3081002,99.938,64159
3081000,99.936,64158
3080907,99.919,64147
3080906,99.914,64144
3080905,99.908,64140
3080904,99.905,64138
3080903,99.903,64137
3080900,99.897,64133
3080812,99.869,64115
3080811,99.868,64114
3080810,99.864,64112
3080807,99.863,64111
3080806,99.854,64105
3080805,99.847,64101
3080804,99.84,64096
3080803,99.827,64088
3080802,99.813,64079
3080800,99.81,64077
3080711,99.769,64051
3080708,99.766,64049
3080706,99.754,64041
3080705,99.743,64034
3080704,99.721,64020
3080703,99.706,64010
3080702,99.687,63998
3080700,99.682,63995
3080611,99.611,63949
3080610,99.609,63948
3080609,99.606,63946
3080608,99.6,63942
3080607,99.592,63937
3080605,99.589,63935
3080604,99.564,63919
3080603,99.537,63902
3080602,99.52,63891
3080600,99.512,63886
3080512,99.427,63831
3080511,99.421,63827
3080510,99.417,63825
3080509,99.411,63821
3080508,99.394,63810
3080507,99.386,63805
3080506,99.372,63796
3080504,99.355,63785
3080503,99.316,63760
3080502,99.288,63742
3080500,99.282,63738
3080411,99.198,63684
3080410,99.192,63680
3080409,99.185,63676
3080408,99.173,63668
3080407,99.154,63656
3080406,99.137,63645
3080405,99.103,63623
3080403,99.061,63596
3080402,99.028,63575
3080400,99.012,63565
3080312,98.894,63489
3080311,98.892,63488
3080310,98.885,63483
3080309,98.882,63481
3080308,98.849,63460
3080307,98.827,63446
3080306,98.796,63426
3080305,98.745,63393
3080304,98.695,63361
3080302,98.657,63337
3080300,98.649,63332
3080213,98.511,63243
3080212,98.509,63242
3080211,98.508,63241
3080210,98.491,63230
3080209,98.475,63220
3080208,98.441,63198
3080207,98.391,63166
3080206,98.336,63131
3080205,98.288,63100
3080204,98.23,63063
3080203,98.206,63047
3080200,98.179,63030
3041444,98.006,62919
3041443,97.908,62856
3041442,97.712,62730
3041441,97.579,62645
3041433,97.553,62628
3041432,97.456,62566
3041431,97.347,62496
3041422,97.318,62477
3041421,97.277,62451
3041413,97.258,62439
3041411,97.255,62437
3041404,97.251,62434
3041403,96.676,62065
3041402,96.452,61921
3041401,96.375,61872
3041400,96.374,61871
3041344,96.353,61858
3041343,95.635,61397
3041342,94.654,60767
3041341,94.092,60406
3041333,93.956,60319
3041332,93.691,60149
3041331,93.174,59817
3041324,93.061,59744
3041323,93.057,59742
3041322,93.053,59739
3041321,92.936,59664
3041314,92.804,59579
3041313,92.802,59578
3041312,92.8,59577
3041311,92.799,59576
3041304,92.786,59568
3041303,90.389,58029
3041302,89.467,57437
3041301,89.165,57243
3041300,89.143,57229
3041244,88.881,57061
3041243,88.042,56522
3041242,86.719,55673
3041241,85.959,55185
3041234,85.774,55066
3041233,85.772,55065
3041232,85.443,54854
3041231,84.867,54484
3041224,84.702,54378
3041223,84.699,54376
3041222,84.693,54372
3041221,84.56,54287
3041214,84.425,54200
3041213,84.423,54199
3041212,84.42,54197
3041211,84.415,54194
3041204,84.38,54171
3041203,81.394,52254
3041202,80.108,51429
3041201,79.722,51181
3041200,79.71,51173
3041144,79.244,50874
3041143,78.605,50464
3041142,77.384,49680
3041141,76.769,49285
3041133,76.613,49185
3041132,76.241,48946
3041131,75.675,48583
3041124,75.541,48497
3041122,75.538,48495
3041121,75.392,48401
3041114,75.247,48308
3041113,75.245,48307
3041112,75.241,48304
3041111,75.239,48303
3041104,75.21,48284
3041103,72.227,46369
3041102,70.97,45562
3041101,70.566,45303
3041100,70.54,45286
3041044,69.94,44901
3041043,69.381,44542
3041042,68.398,43911
3041041,67.821,43541
3041034,67.677,43448
3041033,67.675,43447
3041032,67.357,43243
3041031,66.884,42939
3041024,66.756,42857
3041022,66.751,42854
3041021,66.591,42751
3041012,66.469,42673
3041011,66.465,42670
3041004,66.452,42662
3041003,63.563,40807
3041002,62.298,39995
3041001,61.894,39736
3041000,61.868,39719
3040944,61.239,39315
3040943,60.849,39065
3040942,59.996,38517
3040941,59.455,38170
3040934,59.343,38098
3040933,59.341,38097
3040932,59.109,37948
3040931,58.678,37671
3040924,58.572,37603
3040923,58.569,37601
3040922,58.566,37599
3040921,58.405,37496
3040913,58.274,37412
3040911,58.271,37410
3040904,58.262,37404
3040903,55.712,35767
3040902,54.45,34957
3040901,54.028,34686
3040900,54.008,34673
3040844,53.354,34253
3040843,53.028,34044
3040842,52.265,33554
3040841,51.88,33307
3040834,51.78,33243
3040833,51.779,33242
3040832,51.547,33093
3040831,51.181,32858
3040824,51.104,32809
3040822,51.103,32808
3040821,50.966,32720
3040813,50.871,32659
3040811,50.869,32658
3040804,50.865,32655
3040803,48.57,31182
3040802,47.419,30443
3040801,47.081,30226
3040800,47.053,30208
3040744,46.4,29789
3040743,46.165,29638
3040742,45.584,29265
3040741,45.333,29104
3040733,45.265,29060
3040732,45.114,28963
3040731,44.824,28777
3040724,44.752,28731
3040723,44.751,28730
3040722,44.749,28729
3040721,44.667,28676
3040712,44.573,28616
3040711,44.57,28614
3040704,44.567,28612
3040703,42.565,27327
3040702,41.528,26661
3040701,41.194,26447
3040700,41.174,26434
3040644,40.526,26018
3040643,40.352,25906
3040642,39.917,25627
3040641,39.688,25480
3040634,39.626,25440
3040633,39.624,25439
3040632,39.503,25361
3040631,39.286,25222
3040622,39.224,25182
3040621,39.157,25139
3040613,39.098,25101
3040611,39.096,25100
3040604,39.085,25093
3040603,37.322,23961
3040602,36.426,23386
3040601,36.123,23191
3040600,36.104,23179
3040544,35.514,22800
3040543,35.35,22695
3040542,35.032,22491
3040541,34.85,22374
3040533,34.803,22344
3040532,34.71,22284
3040531,34.535,22172
3040522,34.503,22151
3040521,34.437,22109
3040513,34.39,22079
3040511,34.389,22078
3040504,34.38,22072
3040503,32.906,21126
3040502,32.218,20684
3040501,31.971,20526
3040500,31.951,20513
3040444,31.389,20152
3040443,31.261,20070
3040442,30.995,19899
3040441,30.855,19809
3040433,30.805,19777
3040432,30.728,19728
3040431,30.569,19626
3040422,30.535,19604
3040421,30.499,19581
3040414,30.479,19568
3040413,30.478,19567
3040411,30.476,19566
3040404,30.473,19564
3040403,29.266,18789
3040402,28.619,18374
3040401,28.381,18221
3040400,28.372,18215
3040344,27.775,17832
3040343,27.669,17764
3040342,27.456,17627
3040341,27.367,17570
3040334,27.337,17551
3040333,27.336,17550
3040332,27.263,17503
3040331,27.147,17429
3040324,27.107,17403
3040322,27.105,17402
3040321,27.076,17383
3040313,27.057,17371
3040311,27.055,17370
3040304,27.054,17369
3040303,26.015,16702
3040302,25.513,16380
3040301,25.325,16259
3040300,25.315,16253
3040244,24.798,15921
3040243,24.739,15883
3040242,24.569,15774
3040241,24.434,15687
3040234,24.412,15673
3040233,24.41,15672
3040232,24.35,15633
3040231,24.259,15575
3040223,24.227,15554
3040222,24.225,15553
3040221,24.206,15541
3040212,24.189,15530
3040211,24.188,15529
3040204,24.185,15527
3040203,23.409,15029
3040202,22.991,14761
3040201,22.851,14671
3040200,22.848,14669
3021413,22.326,14334
3021412,22.306,14321
3021411,22.283,14306
3021410,22.184,14243
3021409,21.929,14079
3021408,21.532,13824
3021407,21.085,13537
3021406,20.596,13223
3021405,20.169,12949
3021404,19.885,12767
3021403,19.695,12645
3021402,19.588,12576
3021400,19.508,12525
3021314,19.505,12523
3021312,19.499,12519
3021311,19.451,12488
3021310,19.325,12407
3021309,19.114,12272
3021308,18.624,11957
3021307,18.033,11578
3021306,17.444,11200
3021305,17.029,10933
3021304,16.634,10680
3021303,16.41,10536
3021302,16.286,10456
3021300,16.206,10405
3021214,16.161,10376
3021213,16.153,10371
3021211,16.128,10355
3021210,16.024,10288
3021209,15.758,10117
3021208,15.298,9822
3021207,14.698,9437
3021206,14.102,9054
3021205,13.648,8763
3021204,13.264,8516
3021203,13.025,8363
3021202,12.891,8277
3021200,12.824,8234
3021114,12.782,8207
3021113,12.779,8205
3021112,12.747,8184
3021110,12.666,8132
3021109,12.491,8020
3021108,12.148,7800
3021107,11.653,7482
3021106,11.094,7123
3021105,10.67,6851
3021104,10.293,6609
3021103,10.044,6449
3021102,9.924,6372
3021100,9.866,6335
3021014,9.829,6311
3021013,9.823,6307
3021012,9.773,6275
3021011,9.693,6224
3021009,9.533,6121
3021008,9.313,5980
3021007,8.98,5766
3021006,8.547,5488
3021005,8.108,5206
3021004,7.804,5011
3021003,7.62,4893
3021002,7.508,4821
3021000,7.446,4781
3020914,7.422,4766
3020913,7.416,4762
3020912,7.388,4744
3020911,7.301,4688
3020910,7.145,4588
3020908,6.916,4441
3020907,6.717,4313
3020906,6.43,4129
3020905,6.117,3928
3020904,5.844,3753
3020903,5.665,3638
3020902,5.581,3584
3020900,5.539,3557
3020814,5.528,3550
3020813,5.525,3548
3020812,5.495,3529
3020811,5.411,3475
3020810,5.282,3392
3020809,5.087,3267
3020807,4.823,3097
3020806,4.628,2972
3020805,4.422,2840
3020804,4.21,2704
3020803,4.056,2605
3020802,3.969,2549
3020800,3.927,2522
3020714,3.914,2514
3020713,3.91,2511
3020712,3.88,2492
3020711,3.818,2452
3020710,3.718,2388
3020709,3.595,2309
3020708,3.418,2195
3020706,3.252,2089
3020705,3.131,2011
3020704,3.003,1929
3020703,2.922,1877
3020702,2.866,1841
3020700,2.835,1821
3020614,2.824,1814
3020613,2.819,1811
3020612,2.788,1791
3020611,2.726,1751
3020610,2.615,1680
3020609,2.499,1605
3020608,2.394,1538
3020607,2.291,1472
3020605,2.175,1397
3020604,2.095,1346
3020603,2.039,1310
3020602,1.994,1281
3020600,1.966,1263
3020514,1.961,1260
3020513,1.96,1259
3020512,1.944,1249
3020511,1.908,1226
3020510,1.816,1167
3020509,1.71,1099
3020508,1.609,1034
3020507,1.528,982
3020506,1.43,919
3020504,1.369,880
3020503,1.341,862
3020502,1.316,846
3020500,1.299,835
3020414,1.288,828
3020413,1.284,825
3020412,1.271,817
3020411,1.238,796
3020410,1.204,774
3020409,1.129,726
3020408,1.065,685
3020407,1.012,651
3020406,0.972,625
3020405,0.939,604
3020403,0.911,586
3020402,0.894,575
3020400,0.872,561
3020314,0.861,554
3020313,0.86,553
3020312,0.857,551
3020311,0.833,536
3020310,0.805,518
3020309,0.78,502
3020308,0.745,479
3020307,0.717,461
3020306,0.676,435
3020305,0.659,424
3020304,0.642,413
3020302,0.631,406
3020300,0.62,399
3020214,0.612,394
3020213,0.611,393
3020212,0.609,392
3020211,0.606,390
3020210,0.598,385
3020209,0.581,374
3020208,0.565,364
3020207,0.548,353
3020206,0.525,338
3020205,0.503,324
3020204,0.484,312
3020203,0.478,308
3020200,0.466,300
3011413,0.463,298
3011411,0.461,297
3011410,0.456,294
3011409,0.447,288
3011408,0.424,273
3011407,0.407,262
3011406,0.388,250
3011405,0.374,241
3011404,0.35,226
3011403,0.341,220
3011402,0.34,219
3011401,0.336,217
3011310,0.335,216
3011309,0.324,209
3011308,0.315,203
3011307,0.305,197
3011306,0.283,183
3011305,0.262,169
3011304,0.252,163
3011303,0.245,158
3011302,0.241,156
3011301,0.24,155
3011210,0.237,153
3011209,0.235,152
3011208,0.232,150
3011207,0.231,149
3011206,0.223,144
3011205,0.221,143
3011204,0.21,136
3011202,0.209,135
3011201,0.207,134
3011110,0.206,133
3011109,0.201,130
3011108,0.199,129
3011107,0.193,125
3011106,0.185,120
3011105,0.176,114
3011104,0.171,111
3011103,0.165,107
3011102,0.162,105
3011101,0.16,104
3011100,0.153,99
3011009,0.151,98
3011008,0.148,96
3011006,0.143,93
3011005,0.14,91
3011003,0.134,87
3011002,0.131,85
3011001,0.128,83
3010908,0.115,75
3010905,0.114,74
3010904,0.112,73
3010903,0.109,71
3010902,0.107,70
3010901,0.092,60
3010807,0.075,49
3010806,0.069,45
3010805,0.067,44
3010804,0.065,43
3010803,0.062,41
3010802,0.059,39
3010801,0.053,35
3010706,0.034,23
3010704,0.031,21
3010703,0.028,19
3010702,0.026,18
3010701,0.022,15
3010605,0.012,9
3010603,0.011,8
3010602,0.009,7
3010601,0.005,4
3010501,0.003,3
3010401,0.002,2
3010303,0,1
3000000,0,0
4101100,100,64198
4101100,99.997,64197
4091413,99.992,64194
4091405,99.986,64190
4091400,99.977,64184
4091312,99.964,64176
4091300,99.952,64168
4091211,99.936,64158
4091200,99.928,64153
4091110,99.913,64143
4091100,99.897,64133
4091012,99.889,64128
4091009,99.888,64127
4091000,99.871,64116
4090908,99.858,64108
4090900,99.838,64095
4090807,99.829,64089
4090800,99.798,64069
4090706,99.787,64062
4090700,99.769,64051
4090605,99.755,64042
4090600,99.704,64009
4081413,99.695,64003
4081412,99.679,63993
4081411,99.648,63973
4081410,99.614,63951
4081409,99.57,63923
4081408,99.544,63906
4081407,99.511,63885
4081406,99.489,63871
4081405,99.477,63863
4081404,99.474,63861
4081400,99.47,63859
4081314,99.464,63855
4081312,99.452,63847
4081311,99.396,63811
4081310,99.335,63772
4081309,99.287,63741
4081308,99.218,63697
4081307,99.174,63669
4081306,99.126,63638
4081305,99.106,63625
4081304,99.1,63621
4081303,99.089,63614
4081300,99.086,63612
4081214,99.067,63600
4081213,99.05,63589
4081211,99.025,63573
4081210,98.986,63548
4081209,98.927,63510
4081208,98.863,63469
4081207,98.797,63427
4081206,98.734,63386
4081205,98.687,63356
4081204,98.649,63332
4081203,98.645,63329
4081202,98.64,63326
4081200,98.628,63318
4081114,98.597,63298
4081113,98.575,63284
4081112,98.53,63255
4081110,98.461,63211
4081109,98.408,63177
4081108,98.324,63123
4081107,98.235,63066
4081106,98.165,63021
4081105,98.089,62972
4081104,98.036,62938
4081103,98.022,62929
4081100,98.017,62926
4081014,97.973,62898
4081013,97.958,62888
4081012,97.897,62849
4081011,97.836,62810
4081009,97.765,62764
4081008,97.66,62697
4081007,97.536,62617
4081006,97.425,62546
4081005,97.325,62482
4081004,97.279,62452
4081003,97.26,62440
4081000,97.254,62436
4080914,97.212,62409
4080913,97.199,62401
4080912,97.14,62363
4080911,97.082,62326
4080910,96.995,62270
4080908,96.894,62205
4080907,96.752,62114
4080906,96.62,62029
4080905,96.497,61950
4080904,96.419,61900
4080903,96.377,61873
4080902,96.369,61868
4080900,96.367,61867
4080814,96.327,61841
4080813,96.294,61820
4080812,96.223,61774
4080811,96.124,61711
4080810,96.001,61632
4080809,95.881,61555
4080807,95.738,61463
4080806,95.537,61334
4080805,95.408,61251
4080804,95.316,61192
4080803,95.26,61156
4080802,95.248,61148
4080800,95.246,61147
4080714,95.182,61106
4080713,95.168,61097
4080712,95.126,61070
4080711,95.033,61010
4080710,94.894,60921
4080709,94.754,60831
4080708,94.604,60735
4080706,94.447,60634
4080705,94.205,60479
4080704,94.1,60411
4080703,94.057,60384
4080702,94.036,60370
4080700,94.031,60367
4080614,93.976,60332
4080613,93.955,60318
4080612,93.9,60283
4080611,93.79,60212
4080610,93.61,60097
4080609,93.419,59974
4080608,93.191,59828
4080607,92.966,59683
4080605,92.757,59549
4080604,92.613,59457
4080603,92.546,59414
4080602,92.523,59399
4080600,92.522,59398
4080514,92.459,59358
4080513,92.427,59337
4080512,92.356,59292
4080511,92.221,59205
4080510,92.026,59080
4080509,91.81,58941
4080508,91.554,58777
4080507,91.321,58627
4080506,91.11,58492
4080504,90.973,58404
4080503,90.891,58351
4080502,90.867,58336
4080500,90.864,58334
4080414,90.78,58280
4080413,90.766,58271
4080412,90.684,58218
4080411,90.55,58132
4080410,90.31,57978
4080409,90.028,57797
4080408,89.768,57630
4080407,89.47,57439
4080406,89.218,57277
4080405,89.06,57176
4080403,88.973,57120
4080402,88.956,57109
4080400,88.954,57108
4080314,88.884,57063
4080313,88.858,57046
4080312,88.758,56982
4080311,88.588,56873
4080310,88.3,56688
4080309,87.964,56472
4080308,87.657,56275
4080307,87.317,56057
4080306,87.042,55880
4080305,86.873,55772
4080304,86.792,55720
4080300,86.771,55706
4080214,86.704,55663
4080213,86.671,55642
4080212,86.573,55579
4080211,86.391,55462
4080210,86.101,55276
4080209,85.716,55029
4080208,85.26,54736
4080207,84.822,54455
4080206,84.524,54264
4080205,84.356,54156
4080204,84.285,54110
4080203,84.277,54105
4080200,84.275,54104
4061009,84.18,54043
4060605,84.179,54042
4041444,84.177,54041
4041443,82.37,52881
4041442,79.817,51242
4041441,78.417,50343
4041433,78.046,50105
4041432,77.37,49671
4041431,76.038,48816
4041424,75.692,48594
4041423,75.691,48593
4041422,75.685,48589
4041421,75.287,48334
4041414,74.87,48066
4041413,74.862,48061
4041412,74.85,48053
4041411,74.845,48050
4041404,74.801,48022
4041403,66.951,42982
4041402,64.055,41123
4041401,63.242,40601
4041400,63.192,40569
4041344,61.664,39588
4041343,60.612,38913
4041342,58.874,37797
4041341,57.997,37234
4041334,57.77,37088
4041333,57.768,37087
4041332,57.413,36859
4041331,56.595,36334
4041323,56.418,36220
4041322,56.415,36218
4041321,56.168,36060
4041314,55.974,35935
4041313,55.971,35933
4041312,55.969,35932
4041311,55.967,35931
4041304,55.944,35916
4041303,51,32742
4041302,48.9,31394
4041301,48.229,30963
4041300,48.188,30937
4041244,46.824,30061
4041243,46.204,29663
4041242,45.215,29028
4041241,44.659,28671
4041234,44.519,28581
4041233,44.517,28580
4041232,44.223,28391
4041231,43.732,28076
4041224,43.592,27986
4041223,43.59,27985
4041222,43.587,27983
4041221,43.452,27896
4041213,43.349,27830
4041211,43.346,27828
4041204,43.328,27817
4041203,39.875,25600
4041202,38.328,24607
4041201,37.82,24281
4041200,37.788,24260
4041144,36.648,23528
4041143,36.352,23338
4041142,35.732,22940
4041141,35.338,22687
4041134,35.238,22623
4041133,35.233,22620
4041132,35.06,22509
4041131,34.718,22289
4041123,34.579,22200
4041122,34.577,22199
4041121,34.437,22109
4041114,34.341,22047
4041112,34.336,22044
4041111,34.334,22043
4041104,34.325,22037
4041103,31.9,20480
4041102,30.671,19691
4041101,30.312,19461
4041100,30.288,19445
4041044,29.415,18885
4041043,29.202,18748
4041042,28.781,18478
4041041,28.565,18339
4041034,28.504,18300
4041033,28.502,18299
4041032,28.353,18203
4041031,28.097,18039
4041024,28.038,18001
4041022,28.037,18000
4041021,27.963,17953
4041014,27.892,17907
4041011,27.89,17906
4041004,27.884,17902
4041003,26.04,16718
4041002,25.206,16183
4041001,24.92,15999
4041000,24.901,15987
4040944,24.076,15457
4040943,23.924,15360
4040942,23.657,15188
4040941,23.445,15052
4040933,23.406,15027
4040932,23.301,14960
4040931,23.102,14832
4040923,23.069,14811
4040922,23.068,14810
4040921,22.998,14765
4040914,22.957,14739
4040913,22.956,14738
4040911,22.954,14737
4040904,22.945,14731
4040903,21.552,13837
4040902,20.795,13351
4040901,20.614,13235
4040900,20.605,13229
4040844,19.902,12778
4040843,19.786,12703
4040842,19.582,12572
4040841,19.459,12493
4040833,19.434,12477
4040832,19.342,12418
4040831,19.231,12347
4040822,19.197,12325
4040821,19.164,12304
4040811,19.131,12283
4040804,19.128,12281
4040803,18.068,11600
4040802,17.465,11213
4040801,17.306,11111
4040800,17.295,11104
4040744,16.627,10675
4040743,16.563,10634
4040742,16.412,10537
4040741,16.298,10464
4040734,16.268,10445
4040733,16.267,10444
4040732,16.203,10403
4040731,16.085,10327
4040722,16.064,10314
4040721,16.049,10304
4040711,16.021,10286
4040704,16.019,10285
4040703,15.243,9787
4040702,14.832,9523
4040701,14.695,9435
4040700,14.681,9426
4040644,14.067,9032
4040643,14.008,8994
4040642,13.905,8928
4040641,13.849,8892
4040633,13.837,8884
4040632,13.803,8862
4040631,13.734,8818
4040624,13.717,8807
4040623,13.715,8806
4040622,13.714,8805
4040621,13.7,8796
4040613,13.68,8783
4040604,13.678,8782
4040603,13.086,8402
4040602,12.768,8198
4040601,12.664,8131
4040600,12.656,8126
4040544,12.141,7795
4040543,12.106,7773
4040542,11.975,7689
4040541,11.93,7660
4040534,11.915,7650
4040533,11.913,7649
4040532,11.876,7625
4040531,11.815,7586
4040522,11.801,7577
4040521,11.742,7539
4040511,11.726,7529
4040504,11.725,7528
4040503,11.228,7209
4040502,10.996,7060
4040501,10.915,7008
4040500,10.907,7003
4040444,10.48,6729
4040443,10.436,6701
4040442,10.352,6647
4040441,10.309,6619
4040433,10.29,6607
4040432,10.271,6595
4040431,10.229,6568
4040424,10.22,6562
4040422,10.218,6561
4040421,10.209,6555
4040411,10.203,6551
4040404,10.2,6549
4040403,9.807,6297
4040402,9.625,6180
4040401,9.547,6130
4040400,9.545,6129
4040344,9.111,5850
4040343,9.081,5831
4040342,9.003,5781
4040341,8.971,5760
4040333,8.957,5751
4040332,8.932,5735
4040331,8.882,5703
4040322,8.869,5695
4040321,8.857,5687
4040313,8.841,5677
4040311,8.84,5676
4040304,8.838,5675
4040303,8.506,5462
4040302,8.335,5352
4040301,8.287,5321
4040300,8.282,5318
4040244,7.915,5082
4040243,7.89,5066
4040242,7.834,5030
4040241,7.792,5003
4040234,7.778,4994
4040233,7.776,4993
4040232,7.757,4981
4040231,7.712,4952
4040223,7.701,4945
4040222,7.7,4944
4040221,7.686,4935
4040211,7.676,4929
4040204,7.675,4928
4040203,7.396,4749
4040202,7.284,4677
4040201,7.234,4645
4040200,7.229,4642
4021413,6.911,4438
4021412,6.658,4275
4021411,6.536,4197
4021410,6.432,4130
4021409,6.341,4072
4021408,6.232,4002
4021407,6.095,3914
4021406,6,3853
4021405,5.916,3799
4021404,5.851,3757
4021403,5.782,3713
4021402,5.738,3685
4021400,5.692,3655
4021314,5.69,3654
4021312,5.313,3412
4021311,5.179,3326
4021310,5.033,3232
4021309,4.88,3134
4021308,4.681,3006
4021307,4.438,2850
4021306,4.2,2697
4021305,4.014,2578
4021304,3.865,2482
4021303,3.776,2425
4021302,3.735,2399
4021300,3.696,2374
4021214,3.673,2359
4021213,3.481,2236
4021211,3.254,2090
4021210,3.176,2040
4021209,3.098,1990
4021208,2.994,1923
4021207,2.869,1843
4021206,2.737,1758
4021205,2.58,1657
4021204,2.46,1580
4021203,2.407,1546
4021202,2.379,1528
4021200,2.354,1512
4021114,2.338,1502
4021113,2.145,1378
4021112,2.041,1311
4021110,1.941,1247
4021109,1.897,1219
4021108,1.857,1193
4021107,1.799,1156
4021106,1.718,1104
4021105,1.64,1054
4021104,1.547,994
4021103,1.508,969
4021102,1.481,952
4021100,1.466,942
4021014,1.458,937
4021013,1.343,863
4021012,1.291,830
4021011,1.251,804
4021009,1.19,765
4021008,1.157,744
4021007,1.136,730
4021006,1.093,703
4021005,1.034,665
4021004,1.003,645
4021003,0.974,626
4021002,0.961,618
4020914,0.95,611
4020913,0.879,565
4020912,0.847,545
4020911,0.827,532
4020910,0.794,511
4020908,0.752,484
4020907,0.734,472
4020906,0.718,462
4020905,0.696,448
4020904,0.679,437
4020903,0.67,431
4020902,0.654,421
4020900,0.648,417
4020814,0.646,416
4020813,0.62,399
4020812,0.611,393
4020811,0.604,389
4020810,0.589,379
4020809,0.569,366
4020807,0.545,351
4020806,0.534,344
4020805,0.528,340
4020804,0.519,334
4020803,0.511,329
4020802,0.503,324
4020800,0.497,320
4020714,0.494,318
4020713,0.474,305
4020712,0.464,299
4020711,0.458,295
4020710,0.447,288
4020709,0.43,277
4020708,0.411,265
4020705,0.4,258
4020704,0.396,255
4020703,0.389,251
4020702,0.386,249
4020700,0.382,246
4020614,0.38,245
4020613,0.366,236
4020612,0.36,232
4020611,0.358,231
4020610,0.349,225
4020609,0.338,218
4020608,0.327,211
4020607,0.31,200
4020605,0.307,198
4020602,0.299,193
4020600,0.296,191
4020514,0.294,190
4020513,0.29,187
4020512,0.288,186
4020511,0.285,184
4020510,0.282,182
4020509,0.269,174
4020508,0.26,168
4020507,0.252,163
4020506,0.249,161
4020504,0.243,157
4020502,0.241,156
4020500,0.24,155
4020414,0.238,154
4020412,0.237,153
4020411,0.234,151
4020410,0.232,150
4020409,0.229,148
4020408,0.22,142
4020407,0.215,139
4020406,0.21,136
4020402,0.209,135
4020312,0.207,134
4020309,0.206,133
4020307,0.202,131
4020306,0.201,130
4020305,0.199,129
4020304,0.198,128
4020214,0.196,127
4020213,0.195,126
4020209,0.193,125
4020208,0.192,124
4020205,0.19,123
4020204,0.188,122
4020200,0.187,121
4011413,0.185,120
4011412,0.148,96
4011411,0.14,91
4011410,0.139,90
4011408,0.137,89
4011407,0.136,88
4011405,0.134,87
4011404,0.128,83
4011403,0.118,77
4011402,0.103,67
4011401,0.081,53
4011312,0.064,42
4011311,0.047,31
4011310,0.045,30
4011304,0.044,29
4011303,0.042,28
4011302,0.034,23
4011301,0.028,19
4011211,0.026,18
4011207,0.02,14
4011205,0.016,11
4011204,0.014,10
4011202,0.011,8
4011108,0.006,5
4011009,0.005,4
4011008,0.002,2
4010504,0,1
4000000,0,0
5131413,100,64198
5131413,99.997,64197
5131407,99.995,64196
5131300,99.994,64195
5131200,99.992,64194
5131100,99.991,64193
5131009,99.989,64192
5130908,99.988,64191
5130900,99.984,64189
5130807,99.983,64188
5130800,99.981,64187
5121400,99.98,64186
5121300,99.972,64181
5121200,99.963,64175
5121100,99.958,64172
5121000,99.956,64171
5120900,99.952,64168
5120800,99.949,64166
5120700,99.944,64163
5120600,99.941,64161
5120500,99.938,64159
5120400,99.93,64154
5120300,99.921,64148
5120200,99.908,64140
5111413,99.902,64136
5111406,99.891,64129
5111400,99.866,64113
5111312,99.85,64103
5111300,99.838,64095
5111211,99.836,64094
5111200,99.826,64087
5111110,99.816,64081
5111100,99.804,64073
5111012,99.794,64067
5111009,99.793,64066
5111000,99.769,64051
5110908,99.752,64040
5110900,99.735,64029
5110807,99.729,64025
5110800,99.709,64012
5110706,99.702,64008
5110700,99.662,63982
5101400,99.651,63975
5101300,99.547,63908
5101200,99.414,63823
5101100,99.245,63714
5101000,99.081,63609
5100900,98.874,63476
5100800,98.687,63356
5100700,98.463,63212
5100600,98.288,63100
5100500,98.03,62934
5100400,97.723,62737
5100300,97.416,62540
5100200,97.075,62321
5091413,96.718,62092
5091405,96.458,61925
5091400,96.154,61730
5091312,96.104,61698
5091300,95.925,61583
5091211,95.889,61560
5091200,95.695,61435
5091110,95.645,61403
5091100,95.458,61283
5091012,95.422,61260
5091011,95.403,61248
5091009,95.397,61244
5091000,95.177,61103
5090908,95.121,61067
5090900,94.888,60917
5090807,94.833,60882
5090800,94.564,60709
5090706,94.5,60668
5090700,94.226,60492
5090605,94.154,60446
5090600,93.895,60280
5081413,93.838,60243
5081412,93.645,60119
5081411,93.269,59878
5081410,92.945,59670
5081409,92.598,59447
5081408,92.31,59262
5081407,92.084,59117
5081406,91.923,59014
5081405,91.818,58946
5081404,91.768,58914
5081403,91.749,58902
5081402,91.737,58894
5081400,91.73,58890
5081314,91.666,58849
5081312,91.481,58730
5081311,91.129,58504
5081310,90.766,58271
5081309,90.361,58011
5081308,90.036,57802
5081307,89.746,57616
5081306,89.578,57508
5081305,89.475,57442
5081304,89.445,57423
5081303,89.43,57413
5081302,89.42,57407
5081300,89.414,57403
5081214,89.325,57346
5081213,89.126,57218
5081211,88.808,57014
5081210,88.423,56767
5081209,88.012,56503
5081208,87.655,56274
5081207,87.412,56118
5081206,87.247,56012
5081205,87.179,55968
5081204,87.14,55943
5081203,87.123,55932
5081202,87.121,55931
5081200,87.116,55928
5081114,87.021,55867
5081113,86.808,55730
5081112,86.401,55469
5081110,85.99,55205
5081109,85.545,54919
5081108,85.177,54683
5081107,84.89,54499
5081106,84.733,54398
5081105,84.663,54353
5081104,84.621,54326
5081103,84.609,54318
5081102,84.605,54316
5081100,84.604,54315
5081014,84.517,54259
5081013,84.225,54072
5081012,83.819,53811
5081011,83.408,53547
5081009,82.979,53272
5081008,82.657,53065
5081007,82.411,52907
5081006,82.246,52801
5081005,82.169,52752
5081004,82.138,52732
5081003,82.132,52728
5081002,82.124,52723
5081000,82.122,52722
5080914,82.01,52650
5080913,81.728,52469
5080912,81.339,52219
5080911,80.887,51929
5080910,80.445,51645
5080908,80.083,51413
5080907,79.878,51281
5080906,79.7,51167
5080905,79.608,51108
5080904,79.582,51091
5080903,79.571,51084
5080902,79.569,51083
5080900,79.566,51081
5080814,79.479,51025
5080813,79.259,50884
5080812,78.802,50590
5080811,78.32,50281
5080810,77.868,49991
5080809,77.534,49776
5080807,77.25,49594
5080806,77.108,49503
5080805,77.037,49457
5080804,77.009,49439
5080803,76.995,49430
5080802,76.99,49427
5080800,76.985,49424
5080714,76.873,49352
5080713,76.551,49145
5080712,76.124,48871
5080711,75.594,48531
5080710,75.15,48246
5080709,74.806,48025
5080708,74.611,47900
5080706,74.465,47806
5080705,74.426,47781
5080704,74.398,47763
5080703,74.378,47750
5080702,74.375,47748
5080700,74.371,47746
5080614,74.264,47677
5080613,74.009,47513
5080612,73.526,47203
5080611,73.118,46941
5080610,72.68,46660
5080609,72.345,46445
5080608,72.071,46269
5080607,71.941,46186
5080605,71.881,46147
5080604,71.862,46135
5080603,71.856,46131
5080602,71.853,46129
5080600,71.85,46127
5080514,71.75,46063
5080513,71.49,45896
5080512,71.027,45599
5080511,70.515,45270
5080510,70.131,45024
5080509,69.811,44818
5080508,69.585,44673
5080507,69.434,44576
5080506,69.371,44536
5080504,69.346,44520
5080503,69.34,44516
5080502,69.331,44510
5080500,69.329,44509
5080414,69.212,44434
5080413,68.864,44210
5080412,68.473,43959
5080411,67.991,43650
5080410,67.589,43392
5080409,67.296,43204
5080408,67.105,43081
5080407,66.993,43009
5080406,66.934,42971
5080405,66.909,42955
5080403,66.904,42952
5080402,66.902,42951
5080400,66.899,42949
5080314,66.779,42872
5080313,66.519,42705
5080312,66.105,42439
5080311,65.672,42161
5080310,65.215,41868
5080309,64.871,41647
5080308,64.659,41511
5080307,64.538,41433
5080306,64.482,41397
5080305,64.451,41377
5080304,64.446,41374
5080302,64.441,41371
5080300,64.438,41369
5080214,64.332,41301
5080213,64.039,41113
5080212,63.613,40839
5080211,63.17,40555
5080210,62.751,40286
5080209,62.48,40112
5080208,62.287,39988
5080207,62.186,39923
5080206,62.106,39872
5080205,62.083,39857
5080204,62.075,39852
5080200,62.066,39846
5071413,61.963,39780
5071412,61.958,39777
5071411,61.924,39755
5071410,61.885,39730
5071409,61.871,39721
5071408,61.862,39715
5071407,61.852,39709
5071406,61.834,39697
5071405,61.81,39682
5071404,61.789,39668
5071403,61.756,39647
5071402,61.714,39620
5071314,61.658,39584
5071312,61.655,39582
5071311,61.62,39560
5071310,61.592,39542
5071309,61.561,39522
5071308,61.539,39508
5071307,61.514,39492
5071306,61.499,39482
5071305,61.486,39474
5071304,61.469,39463
5071303,61.441,39445
5071302,61.407,39423
5071214,61.36,39393
5071213,61.359,39392
5071211,61.338,39379
5071210,61.296,39352
5071209,61.268,39334
5071208,61.24,39316
5071207,61.217,39301
5071206,61.195,39287
5071205,61.176,39275
5071204,61.156,39262
5071203,61.136,39249
5071202,61.116,39236
5071114,61.084,39216
5071113,61.081,39214
5071112,61.055,39197
5071110,61.016,39172
5071109,60.989,39155
5071108,60.958,39135
5071107,60.935,39120
5071106,60.922,39112
5071105,60.904,39100
5071104,60.896,39095
5071103,60.876,39082
5071102,60.857,39070
5071014,60.818,39045
5071013,60.817,39044
5071012,60.79,39027
5071011,60.75,39001
5071009,60.725,38985
5071008,60.692,38964
5071007,60.659,38943
5071006,60.616,38915
5071005,60.594,38901
5071004,60.564,38882
5071003,60.528,38859
5071002,60.497,38839
5070913,60.468,38820
5070912,60.441,38803
5070911,60.401,38777
5070910,60.354,38747
5070908,60.318,38724
5070907,60.262,38688
5070906,60.232,38669
5070905,60.179,38635
5070904,60.123,38599
5070903,60.083,38573
5070902,60.044,38548
5070814,60.013,38528
5070813,60.008,38525
5070812,59.969,38500
5070811,59.915,38465
5070810,59.862,38431
5070809,59.806,38395
5070807,59.751,38360
5070806,59.653,38297
5070805,59.559,38237
5070804,59.493,38194
5070803,59.443,38162
5070802,59.377,38120
5070714,59.329,38089
5070713,59.323,38085
5070712,59.29,38064
5070711,59.212,38014
5070710,59.106,37946
5070709,59.033,37899
5070708,58.921,37827
5070706,58.845,37778
5070705,58.692,37680
5070704,58.602,37622
5070703,58.502,37558
5070702,58.422,37507
5070614,58.36,37467
5070613,58.341,37455
5070612,58.243,37392
5070611,58.147,37330
5070610,58.036,37259
5070609,57.897,37170
5070608,57.726,37060
5070607,57.608,36984
5070605,57.496,36912
5070604,57.301,36787
5070603,57.164,36699
5070602,57.047,36624
5070514,56.971,36575
5070513,56.929,36548
5070512,56.815,36475
5070511,56.623,36352
5070510,56.436,36232
5070509,56.196,36078
5070508,55.972,35934
5070507,55.735,35782
5070506,55.542,35658
5070504,55.369,35547
5070503,55.128,35392
5070502,54.936,35269
5070414,54.829,35200
5070413,54.781,35169
5070412,54.612,35061
5070411,54.346,34890
5070410,54.07,34713
5070409,53.78,34527
5070408,53.458,34320
5070407,53.164,34131
5070406,52.899,33961
5070405,52.662,33809
5070403,52.497,33703
5070402,52.242,33539
5070314,52.073,33431
5070313,52.019,33396
5070312,51.784,33245
5070311,51.463,33039
5070310,51.075,32790
5070309,50.636,32508
5070308,50.221,32242
5070307,49.833,31993
5070306,49.478,31765
5070305,49.204,31589
5070304,48.986,31449
5070302,48.783,31319
5070214,48.531,31157
5070213,48.433,31094
5070212,48.163,30921
5070211,47.776,30672
5070210,47.287,30358
5070209,46.794,30042
5070208,46.335,29747
5070207,45.832,29424
5070206,45.431,29167
5070205,45.134,28976
5070204,44.869,28806
5070203,44.643,28661
5061414,44.473,28552
5061413,43.964,28225
5061412,42.003,26966
5061411,40.492,25996
5061410,39.419,25307
5061409,38.649,24813
5061408,38.224,24540
5061407,37.886,24323
5061406,37.747,24234
5061405,37.665,24181
5061404,37.634,24161
5061314,37.621,24153
5061313,37.612,24147
5061312,36.968,23734
5061311,34.646,22243
5061310,33.032,21207
5061309,31.819,20428
5061308,30.998,19901
5061307,30.563,19622
5061306,30.308,19458
5061305,30.177,19374
5061304,30.14,19350
5061303,30.122,19339
5061214,30.119,19337
5061213,30.112,19332
5061212,30.088,19317
5061211,29.323,18826
5061210,27.312,17535
5061209,25.904,16631
5061208,24.909,15992
5061207,24.357,15638
5061206,24.026,15425
5061205,23.871,15326
5061204,23.812,15288
5061203,23.79,15274
5061114,23.789,15273
5061111,23.784,15270
5061110,23.149,14862
5061109,21.669,13912
5061108,20.582,13214
5061107,19.918,12788
5061106,19.594,12580
5061105,19.393,12451
5061104,19.329,12410
5061103,19.317,12402
5061014,19.314,12400
5061013,19.306,12395
5061012,19.283,12380
5061011,19.258,12364
5061010,19.244,12355
5061009,18.768,12050
5061008,17.739,11389
5061007,17.088,10971
5061006,16.731,10742
5061005,16.527,10611
5061004,16.437,10553
5060909,16.415,10539
5060908,16.088,10329
5060907,15.449,9919
5060906,15.005,9634
5060905,14.82,9515
5060904,14.734,9460
5060903,14.705,9441
5060808,14.703,9440
5060807,14.546,9339
5060806,14.19,9111
5060805,13.999,8988
5060804,13.904,8927
5060803,13.873,8907
5060707,13.866,8903
5060706,13.764,8837
5060705,13.594,8728
5060704,13.504,8670
5060703,13.48,8655
5060606,13.477,8653
5060605,13.433,8625
5060604,13.373,8586
5060603,13.357,8576
5060505,13.354,8574
5060504,13.343,8567
5060503,13.331,8559
5060404,13.328,8557
5060403,13.318,8551
5060303,13.312,8547
5051414,13.31,8546
5051413,13.306,8543
5051410,12.113,7777
5051405,12.111,7776
5051404,11.374,7303
5051402,11.373,7302
5051312,11.27,7236
5051311,10.513,6750
5051309,10.511,6749
5051213,10.508,6747
5051211,10.505,6745
5051210,9.63,6183
5051209,9.628,6182
5051112,9.626,6181
5051111,9.625,6180
5051110,9.623,6179
5051109,8.698,5585
5051108,8.695,5583
5051012,8.693,5582
5051011,8.69,5580
5051009,8.687,5578
5051008,7.612,4888
5050911,7.606,4884
5050908,7.603,4882
5050906,6.458,4147
5050810,6.455,4145
5050809,6.453,4144
5050808,6.452,4143
5050807,6.45,4142
5050805,5.376,3452
5050709,5.369,3448
5050707,5.368,3447
5050706,5.366,3446
5050705,4.27,2742
5050704,4.266,2740
5050607,4.265,2739
5050605,4.263,2738
5050603,3.151,2024
5050507,3.148,2022
5050504,3.145,2020
5050503,3.14,2017
5050414,3.136,2014
5050407,3.134,2013
5050406,3.132,2012
5050405,3.131,2011
5050403,3.129,2010
5050402,3.128,2009
5050314,3.126,2008
5041413,3.125,2007
5041412,3.055,1962
5041411,2.981,1915
5041410,2.9,1863
5041409,2.837,1822
5041408,2.768,1778
5041407,2.699,1734
5041406,2.662,1710
5041405,2.632,1691
5041404,2.618,1682
5041403,2.566,1648
5041402,2.545,1635
5041314,2.542,1633
5041312,2.464,1583
5041311,2.421,1555
5041310,2.363,1518
5041309,2.316,1488
5041308,2.252,1447
5041307,2.212,1421
5041306,2.168,1393
5041305,2.146,1379
5041304,2.126,1366
5041303,2.092,1344
5041302,2.072,1331
5041301,2.062,1325
5041214,2.051,1318
5041213,2.013,1293
5041211,1.944,1249
5041210,1.908,1226
5041209,1.865,1198
5041208,1.824,1172
5041207,1.771,1138
5041206,1.732,1113
5041205,1.717,1103
5041204,1.709,1098
5041203,1.685,1083
5041202,1.662,1068
5041201,1.65,1060
5041114,1.628,1046
5041113,1.614,1037
5041112,1.586,1019
5041110,1.541,990
5041109,1.505,967
5041108,1.483,953
5041107,1.442,927
5041106,1.417,911
5041105,1.402,901
5041104,1.394,896
5041103,1.369,880
5041102,1.365,877
5041101,1.349,867
5041014,1.33,855
5041013,1.321,849
5041012,1.308,841
5041011,1.279,822
5041009,1.238,796
5041008,1.227,789
5041007,1.209,777
5041006,1.192,766
5041005,1.176,756
5041004,1.16,746
5041003,1.142,734
5041002,1.137,731
5041001,1.126,724
5040914,1.117,718
5040913,1.109,713
5040912,1.093,703
5040911,1.072,689
5040910,1.051,676
5040908,1.03,662
5040907,1.014,652
5040906,1.005,646
5040905,0.992,638
5040904,0.984,633
5040903,0.972,625
5040902,0.969,623
5040901,0.961,618
5040841,0.955,614
5040814,0.953,613
5040813,0.95,611
5040812,0.935,601
5040811,0.919,591
5040810,0.902,580
5040809,0.888,571
5040807,0.882,567
5040806,0.879,565
5040805,0.871,560
5040804,0.865,556
5040803,0.857,551
5040802,0.852,548
5040801,0.85,547
5040714,0.849,546
5040713,0.846,544
5040712,0.841,541
5040711,0.829,533
5040710,0.815,524
5040709,0.807,519
5040708,0.794,511
5040706,0.782,503
5040705,0.779,501
5040704,0.777,500
5040703,0.771,496
5040702,0.765,492
5040701,0.763,491
5040614,0.762,490
5040612,0.759,488
5040611,0.755,486
5040610,0.745,479
5040609,0.737,474
5040608,0.713,459
5040607,0.706,454
5040605,0.696,448
5040604,0.695,447
5040513,0.693,446
5040512,0.688,443
5040511,0.681,438
5040510,0.674,434
5040509,0.67,431
5040508,0.667,429
5040507,0.665,428
5040503,0.657,423
5040502,0.656,422
5040413,0.654,421
5040412,0.651,419
5040411,0.65,418
5040410,0.645,415
5040409,0.637,410
5040408,0.628,404
5040407,0.625,402
5040406,0.62,399
5040405,0.617,397
5040312,0.615,396
5040311,0.614,395
5040310,0.612,394
5040309,0.607,391
5040308,0.606,390
5040307,0.601,387
5040306,0.598,385
5040304,0.597,384
5040302,0.595,383
5040301,0.592,381
5040214,0.59,380
5040210,0.589,379
5040207,0.587,378
5031411,0.584,376
5031312,0.583,375
5031311,0.553,356
5031310,0.537,346
5031309,0.534,344
5031306,0.533,343
5031302,0.531,342
5031211,0.53,341
5031210,0.488,314
5031209,0.466,300
5031208,0.46,296
5031207,0.455,293
5031205,0.453,292
5031110,0.452,291
5031109,0.419,270
5031108,0.41,264
5031102,0.403,260
5031009,0.402,259
5031008,0.371,239
5031007,0.354,228
5031003,0.352,227
5031002,0.349,225
5030908,0.343,221
5030907,0.336,217
5030906,0.333,215
5030903,0.332,214
5030902,0.329,212
5030807,0.322,208
5030806,0.321,207
5030805,0.318,205
5030804,0.315,203
5030803,0.313,202
5030802,0.31,200
5030706,0.307,198
5030705,0.305,197
5030704,0.304,196
5030703,0.302,195
5030702,0.299,193
5030605,0.298,192
5030604,0.293,189
5030603,0.288,186
5030602,0.285,184
5030503,0.277,179
5030502,0.271,175
5030403,0.269,174
5030402,0.268,173
5030302,0.266,172
5021413,0.254,164
5021408,0.252,163
5021314,0.251,162
5021312,0.248,160
5021310,0.234,151
5021213,0.232,150
5021211,0.218,141
5021210,0.201,130
5021209,0.199,129
5021114,0.198,128
5021113,0.195,126
5021112,0.165,107
5021110,0.156,101
5021109,0.151,98
5021014,0.148,96
5021013,0.146,95
5021012,0.129,84
5021011,0.112,73
5021009,0.107,70
5020913,0.106,69
5020912,0.1,65
5020911,0.089,58
5020910,0.079,52
5020813,0.078,51
5020812,0.073,48
5020811,0.065,43
5020810,0.064,42
5020809,0.061,40
5020714,0.059,39
5020712,0.058,38
5020711,0.051,34
5020612,0.05,33
5020609,0.047,31
5020512,0.045,30
5020511,0.044,29
5020510,0.04,27
5020210,0.039,26
5011413,0.037,25
5011412,0.034,23
5011411,0.031,21
5011402,0.028,19
5011401,0.025,17
5011312,0.023,16
5011311,0.022,15
5011303,0.02,14
5011302,0.016,11
5011301,0.012,9
5011204,0.008,6
5011203,0.006,5
5011201,0.005,4
5011104,0.003,3
5011102,0.002,2
5000000,0,0
6191413,100,64198
6191413,99.997,64197
6191410,99.995,64196
6191406,99.994,64195
6191400,99.949,64166
6191312,99.942,64162
6191300,99.939,64160
6191211,99.936,64158
6191200,99.931,64155
6191110,99.927,64152
6191009,99.921,64148
6190908,99.863,64111
6190807,99.846,64100
6190706,99.813,64079
6181400,99.773,64053
6181300,99.768,64050
6181200,99.751,64039
6181100,99.746,64036
6181000,99.735,64029
6180900,99.727,64024
6180800,99.721,64020
6180700,99.715,64016
6180600,99.709,64012
6180500,99.701,64007
6180400,99.699,64006
6171413,99.696,64004
6171409,99.692,64001
6171400,99.676,63991
6171312,99.656,63978
6171300,99.642,63969
6171211,99.636,63965
6171200,99.617,63953
6171110,99.611,63949
6171100,99.556,63914
6171009,99.545,63907
6171000,99.528,63896
6161400,99.525,63894
6161300,99.517,63889
6161200,99.506,63882
6161100,99.503,63880
6161000,99.502,63879
6160800,99.494,63874
6160700,99.489,63871
6160600,99.486,63869
6160500,99.48,63865
6160400,99.477,63863
6160300,99.47,63859
6160200,99.469,63858
6151413,99.467,63857
6151408,99.441,63840
6151400,99.399,63813
6151312,99.378,63800
6151300,99.343,63777
6151211,99.335,63772
6151200,99.301,63750
6151110,99.288,63742
6151100,99.257,63722
6151012,99.238,63710
6151009,99.237,63709
6151000,99.202,63687
6150908,99.19,63679
6150900,99.134,63643
6141400,99.117,63632
6141300,99.065,63599
6141200,99.012,63565
6141100,98.983,63546
6141000,98.945,63522
6140900,98.91,63499
6140800,98.866,63471
6140700,98.836,63452
6140600,98.799,63428
6140500,98.768,63408
6140400,98.738,63389
6140300,98.695,63361
6140200,98.656,63336
6131413,98.612,63308
6131407,98.544,63264
6131400,98.386,63163
6131312,98.285,63098
6131300,98.181,63031
6131211,98.139,63004
6131200,98.042,62942
6131110,98.008,62920
6131100,97.931,62871
6131012,97.875,62835
6131011,97.872,62833
6131009,97.871,62832
6131000,97.777,62772
6130908,97.74,62748
6130900,97.621,62672
6130807,97.575,62642
6130800,97.419,62542
6121400,97.371,62511
6121300,97.132,62358
6121200,96.914,62218
6121100,96.642,62043
6121000,96.394,61884
6120900,96.151,61728
6120800,95.91,61573
6120700,95.632,61395
6120600,95.335,61204
6120500,95.029,61008
6120400,94.752,60830
6120300,94.5,60668
6120200,94.221,60489
6111413,93.917,60294
6111406,93.723,60169
6111400,93.347,59928
6111312,93.04,59731
6111300,92.796,59574
6111211,92.69,59506
6111200,92.467,59363
6111110,92.349,59287
6111100,92.073,59110
6111012,91.976,59048
6111011,91.959,59037
6111009,91.953,59033
6111000,91.704,58873
6110908,91.565,58784
6110900,91.289,58607
6110807,91.176,58534
6110800,90.888,58349
6110706,90.74,58254
6110700,90.383,58025
6101400,90.236,57931
6101300,89.166,57244
6101200,88.023,56510
6101100,86.806,55729
6101000,85.699,55018
6100900,84.462,54224
6100800,83.256,53450
6100700,82.057,52680
6100600,80.778,51859
6100500,79.464,51015
6100400,78.244,50232
6100300,76.925,49385
6100200,75.61,48541
6091413,74.253,47670
6091405,73.523,47201
6091400,72.532,46565
6091312,71.518,45914
6091300,70.999,45581
6091211,70.67,45370
6091200,70.131,45024
6091110,69.862,44851
6091100,69.337,44514
6091012,68.966,44276
6091011,68.948,44264
6091009,68.937,44257
6091000,68.387,43904
6090908,68.015,43665
6090900,67.471,43316
6090807,67.12,43091
6090800,66.524,42708
6090706,66.181,42488
6090700,65.588,42107
6090605,65.229,41877
6090600,64.572,41455
6081413,64.242,41243
6081412,64.198,41215
6081411,63.993,41083
6081410,63.65,40863
6081409,63.18,40561
6081408,62.768,40297
6081407,62.382,40049
6081406,62.025,39820
6081405,61.796,39673
6081404,61.695,39608
6081403,61.661,39586
6081402,61.648,39578
6081400,61.645,39576
6081314,61.466,39461
6081312,61.438,39443
6081311,61.19,39284
6081310,60.806,39037
6081309,60.365,38754
6081308,59.95,38488
6081307,59.651,38296
6081306,59.396,38132
6081305,59.226,38023
6081304,59.158,37979
6081303,59.133,37963
6081302,59.12,37955
6081300,59.119,37954
6081214,58.926,37830
6081213,58.874,37797
6081211,58.668,37665
6081210,58.267,37407
6081209,57.852,37141
6081208,57.439,36876
6081207,57.078,36644
6081206,56.802,36467
6081205,56.648,36368
6081204,56.594,36333
6081203,56.584,36327
6081202,56.58,36324
6081200,56.577,36322
6081114,56.436,36232
6081113,56.385,36199
6081112,56.168,36060
6081110,55.826,35840
6081109,55.354,35537
6081108,54.999,35309
6081107,54.692,35112
6081106,54.495,34986
6081105,54.388,34917
6081104,54.343,34888
6081103,54.315,34870
6081102,54.312,34868
6081100,54.309,34866
6081014,54.184,34786
6081013,54.125,34748
6081012,53.91,34610
6081011,53.578,34397
6081009,53.162,34130
6081008,52.802,33899
6081007,52.539,33730
6081006,52.372,33623
6081005,52.242,33539
6081004,52.195,33509
6081003,52.178,33498
6081002,52.171,33494
6081000,52.165,33490
6080914,52.053,33418
6080913,51.977,33369
6080912,51.737,33215
6080911,51.407,33003
6080910,51.014,32751
6080908,50.66,32524
6080907,50.421,32370
6080906,50.262,32268
6080905,50.174,32212
6080904,50.154,32199
6080903,50.139,32189
6080900,50.134,32186
6080814,50.006,32104
6080813,49.947,32066
6080812,49.751,31940
6080811,49.439,31740
6080810,49.121,31536
6080809,48.815,31339
6080807,48.589,31194
6080806,48.452,31106
6080805,48.385,31063
6080804,48.346,31038
6080803,48.335,31031
6080802,48.329,31027
6080800,48.322,31023
6080714,48.218,30956
6080713,48.114,30889
6080712,47.861,30727
6080711,47.517,30506
6080710,47.112,30246
6080709,46.774,30029
6080708,46.533,29874
6080706,46.392,29784
6080705,46.336,29748
6080704,46.316,29735
6080703,46.307,29729
6080702,46.305,29728
6080700,46.304,29727
6080614,46.185,29651
6080613,46.081,29584
6080612,45.867,29447
6080611,45.561,29250
6080610,45.23,29038
6080609,44.92,28839
6080608,44.724,28713
6080607,44.606,28637
6080605,44.561,28608
6080604,44.543,28597
6080603,44.533,28590
6080602,44.528,28587
6080600,44.525,28585
6080514,44.448,28536
6080513,44.346,28470
6080512,44.092,28307
6080511,43.78,28107
6080510,43.459,27901
6080509,43.205,27738
6080508,43,27606
6080507,42.897,27540
6080506,42.841,27504
6080504,42.83,27497
6080503,42.825,27494
6080500,42.824,27493
6080414,42.721,27427
6080413,42.62,27362
6080412,42.332,27177
6080411,42.04,26990
6080410,41.749,26803
6080409,41.515,26653
6080408,41.361,26554
6080407,41.286,26506
6080406,41.232,26471
6080405,41.218,26462
6080403,41.215,26460
6080402,41.213,26459
6080400,41.212,26458
6080314,41.115,26396
6080313,40.99,26316
6080312,40.702,26131
6080311,40.403,25939
6080310,40.104,25747
6080309,39.911,25623
6080308,39.76,25526
6080307,39.677,25473
6080306,39.646,25453
6080305,39.623,25438
6080304,39.613,25432
6080300,39.612,25431
6080214,39.534,25381
6080213,39.392,25290
6080212,39.081,25090
6080211,38.769,24890
6080210,38.476,24702
6080209,38.288,24581
6080208,38.157,24497
6080207,38.078,24446
6080206,38.034,24418
6080205,38.023,24411
6080204,38.017,24407
6080200,38.015,24406
6071413,37.925,24348
6071412,37.922,24346
6071411,37.914,24341
6071410,37.909,24338
6071409,37.908,24337
6071408,37.895,24329
6071407,37.869,24312
6071406,37.845,24297
6071405,37.835,24290
6071404,37.803,24270
6071403,37.772,24250
6071402,37.744,24232
6071314,37.711,24211
6071312,37.707,24208
6071311,37.704,24206
6071310,37.693,24199
6071309,37.685,24194
6071308,37.676,24188
6071307,37.66,24178
6071306,37.641,24166
6071305,37.627,24157
6071304,37.601,24140
6071303,37.573,24122
6071302,37.537,24099
6071214,37.492,24070
6071213,37.487,24067
6071211,37.481,24063
6071210,37.473,24058
6071209,37.465,24053
6071208,37.451,24044
6071207,37.434,24033
6071206,37.405,24014
6071205,37.383,24000
6071204,37.353,23981
6071203,37.33,23966
6071202,37.286,23938
6071114,37.229,23901
6071113,37.227,23900
6071112,37.222,23897
6071110,37.215,23892
6071109,37.205,23886
6071108,37.185,23873
6071107,37.157,23855
6071106,37.126,23835
6071105,37.091,23813
6071104,37.054,23789
6071103,37.006,23758
6071102,36.929,23709
6071014,36.856,23662
6071013,36.853,23660
6071012,36.847,23656
6071011,36.833,23647
6071009,36.816,23636
6071008,36.799,23625
6071007,36.757,23598
6071006,36.697,23560
6071005,36.637,23521
6071004,36.574,23481
6071003,36.504,23436
6071002,36.42,23382
6070914,36.311,23312
6070913,36.303,23307
6070912,36.296,23302
6070911,36.288,23297
6070910,36.274,23288
6070908,36.239,23266
6070907,36.172,23223
6070906,36.109,23182
6070905,36.01,23119
6070904,35.878,23034
6070903,35.763,22960
6070902,35.613,22864
6070814,35.475,22775
6070813,35.465,22769
6070812,35.456,22763
6070811,35.431,22747
6070810,35.378,22713
6070809,35.319,22675
6070807,35.244,22627
6070806,35.109,22540
6070805,34.965,22448
6070804,34.808,22347
6070803,34.638,22238
6070802,34.443,22113
6070714,34.19,21950
6070713,34.182,21945
6070712,34.149,21924
6070711,34.109,21898
6070710,34.048,21859
6070709,33.939,21789
6070708,33.803,21702
6070706,33.677,21621
6070705,33.439,21468
6070704,33.232,21335
6070703,32.975,21170
6070702,32.73,21013
6070614,32.484,20855
6070613,32.476,20850
6070612,32.439,20826
6070611,32.394,20797
6070610,32.3,20737
6070609,32.188,20665
6070608,32.056,20580
6070607,31.853,20450
6070605,31.638,20312
6070604,31.339,20120
6070603,31.009,19908
6070602,30.713,19718
6070514,30.376,19502
6070513,30.367,19496
6070512,30.333,19474
6070511,30.242,19416
6070510,30.113,19333
6070509,29.942,19223
6070508,29.719,19080
6070507,29.439,18900
6070506,29.154,18717
6070504,28.907,18559
6070503,28.64,18387
6070502,28.334,18191
6070414,27.968,17956
6070413,27.96,17951
6070412,27.907,17917
6070411,27.803,17850
6070410,27.649,17751
6070409,27.445,17620
6070408,27.211,17470
6070407,26.937,17294
6070406,26.639,17103
6070405,26.364,16926
6070403,26.071,16738
6070402,25.787,16556
6070314,25.418,16319
6070313,25.403,16309
6070312,25.337,16267
6070311,25.199,16178
6070310,24.981,16038
6070309,24.759,15896
6070308,24.502,15731
6070307,24.239,15562
6070306,23.965,15386
6070305,23.68,15203
6070304,23.375,15007
6070302,23.033,14788
6070214,22.745,14603
6070213,22.728,14592
6070212,22.622,14524
6070211,22.474,14429
6070210,22.236,14276
6070209,22.008,14130
6070208,21.747,13962
6070207,21.508,13809
6070206,21.298,13674
6070205,21.111,13554
6070204,20.874,13402
6070203,20.63,13245
6061414,20.293,13029
6061413,19.873,12759
6061412,18.158,11658
6061411,16.796,10784
6061410,15.834,10166
6061409,15.145,9724
6061408,14.675,9422
6061407,14.39,9239
6061406,14.257,9154
6061405,14.186,9108
6061404,14.167,9096
6061314,14.155,9088
6061313,14.147,9083
6061312,13.751,8829
6061311,12.452,7995
6061310,11.449,7351
6061309,10.756,6906
6061308,10.335,6636
6061307,10.081,6473
6061306,9.93,6376
6061305,9.863,6333
6061304,9.834,6314
6061303,9.829,6311
6061213,9.826,6309
6061212,9.813,6301
6061211,9.53,6119
6061210,8.668,5566
6061209,8.083,5190
6061208,7.661,4919
6061207,7.418,4763
6061206,7.287,4679
6061205,7.223,4638
6061204,7.192,4618
6061203,7.182,4612
6061114,7.181,4611
6061111,7.176,4608
6061110,7,4495
6061109,6.461,4149
6061108,6.059,3891
6061107,5.843,3752
6061106,5.731,3680
6061105,5.681,3648
6061104,5.654,3631
6061103,5.65,3628
6061014,5.648,3627
6061013,5.647,3626
6061012,5.642,3623
6061011,5.64,3622
6061010,5.636,3619
6061009,5.522,3546
6061008,5.157,3312
6061007,4.966,3189
6061006,4.854,3117
6061005,4.791,3077
6061004,4.771,3064
6061003,4.77,3063
6060909,4.767,3061
6060908,4.704,3021
6060907,4.519,2902
6060906,4.413,2834
6060905,4.337,2785
6060904,4.315,2771
6060903,4.304,2764
6060808,4.302,2763
6060807,4.248,2728
6060806,4.143,2661
6060805,4.069,2613
6060804,4.045,2598
6060803,4.039,2594
6060707,4.038,2593
6060706,4.017,2580
6060705,3.966,2547
6060704,3.949,2536
6060703,3.933,2526
6060606,3.932,2525
6060605,3.913,2513
6060604,3.908,2510
6060505,3.902,2506
6060504,3.897,2503
6060503,3.891,2499
6060404,3.89,2498
6051413,3.886,2496
6051405,3.372,2166
6051312,2.946,1892
6051211,2.301,1478
6051110,1.947,1251
6051013,1.617,1039
6051009,1.615,1038
6050908,1.324,851
6050807,1.058,680
6050706,0.745,479
6050605,0.452,291
6050507,0.153,99
6041412,0.151,98
6041410,0.15,97
6041409,0.146,95
6041408,0.14,91
6041406,0.137,89
6041405,0.134,87
6041404,0.131,85
6041403,0.128,83
6041314,0.126,82
6041312,0.125,81
6041311,0.12,78
6041310,0.118,77
6041309,0.112,73
6041308,0.107,70
6041307,0.103,67
6041306,0.1,65
6041303,0.097,63
6041214,0.095,62
6041213,0.092,60
6041211,0.09,59
6041210,0.087,57
6041209,0.086,56
6041207,0.084,55
6041205,0.083,54
6041112,0.081,53
6041110,0.076,50
6041108,0.072,47
6041106,0.07,46
6041105,0.069,45
6041013,0.067,44
6041011,0.065,43
6041009,0.064,42
6041008,0.061,40
6041007,0.055,36
6041006,0.05,33
6041004,0.048,32
6040913,0.047,31
6040911,0.044,29
6040910,0.039,26
6040906,0.037,25
6040905,0.036,24
6040813,0.034,23
6040812,0.033,22
6040810,0.031,21
6040809,0.028,19
6040805,0.025,17
6040712,0.023,16
6040710,0.022,15
6040709,0.02,14
6040612,0.019,13
6040611,0.017,12
6040610,0.016,11
6040608,0.014,10
6040604,0.012,9
6040513,0.011,8
6040511,0.009,7
6040312,0.006,5
6011403,0.003,3
6011402,0.002,2
6011202,0,1
6000000,0,0
