0000000, 0, 0
1081110, 100, 59349
1081110, 99.997, 59348
1080711, 99.995, 59347
1011405, 99.993, 59346
1011404, 99.988, 59343
1011403, 87.72, 52062
1011402, 76.94, 45664
1011401, 67.809, 40245
1011400, 59.801, 35492
1011305, 57.007, 33834
1011304, 57.005, 33833
1011303, 50.707, 30095
1011302, 44.629, 26488
1011301, 39.291, 23320
1011300, 34.563, 20514
1011205, 32.265, 19150
1011204, 32.262, 19148
1011203, 28.821, 17106
1011202, 25.481, 15124
1011201, 22.528, 13371
1011200, 19.869, 11793
1011105, 18.277, 10848
1011104, 18.273, 10846
1011103, 16.268, 9656
1011102, 14.437, 8569
1011101, 12.846, 7625
1011100, 11.384, 6757
1011004, 10.135, 6016
1011003, 9.137, 5424
1011002, 8.174, 4852
1011001, 7.215, 4283
1011000, 6.474, 3843
1010904, 5.695, 3381
1010903, 5.191, 3082
1010902, 4.703, 2792
1010901, 4.268, 2534
1010900, 3.885, 2307
1010804, 3.372, 2002
1010803, 3.112, 1848
1010802, 2.886, 1714
1010801, 2.664, 1582
1010800, 2.457, 1459
1010704, 2.098, 1246
1010703, 1.985, 1179
1010702, 1.875, 1114
1010701, 1.773, 1053
1010700, 1.678, 997
1010604, 1.446, 859
1010603, 1.388, 825
1010602, 1.346, 800
1010601, 1.314, 781
1010600, 1.289, 766
1010504, 1.137, 676
1010503, 1.11, 660
1010502, 1.1, 654
1010501, 1.088, 647
1010500, 1.08, 642
1010404, 0.977, 581
1010403, 0.971, 577
1010402, 0.967, 575
1010401, 0.96, 571
1010400, 0.952, 566
1010304, 0.891, 530
1010303, 0.89, 529
1010302, 0.885, 526
1010300, 0.883, 525
1010204, 0.846, 503
1010203, 0.844, 502
1010201, 0.842, 501
1010200, 0.841, 500
1010000, 0.805, 479
1000000, 0, 0
2080900, 100, 59349
2080900, 99.997, 59348
2080712, 99.995, 59347
2080700, 99.993, 59346
2080613, 99.992, 59345
2080608, 99.99, 59344
2080600, 99.988, 59343
2080500, 99.985, 59341
2080400, 99.981, 59339
2080306, 99.978, 59337
2080300, 99.976, 59336
2080200, 99.958, 59325
2041444, 99.941, 59315
2041443, 99.938, 59313
2041442, 99.933, 59310
2041441, 99.929, 59308
2041433, 99.928, 59307
2041432, 99.926, 59306
2041421, 99.922, 59304
2041404, 99.921, 59303
2041403, 99.737, 59194
2041402, 99.676, 59158
2041400, 99.671, 59155
2041344, 99.67, 59154
2041343, 99.658, 59147
2041342, 99.641, 59137
2041341, 99.624, 59127
2041333, 99.616, 59122
2041332, 99.601, 59113
2041331, 99.587, 59105
2041321, 99.582, 59102
2041304, 99.58, 59101
2041303, 99.506, 59057
2041302, 99.468, 59034
2041300, 99.452, 59025
2041244, 99.449, 59023
2041243, 99.358, 58969
2041242, 99.188, 58868
2041241, 99.09, 58810
2041234, 99.065, 58795
2041233, 99.063, 58794
2041232, 99.014, 58765
2041231, 98.938, 58720
2041224, 98.923, 58711
2041223, 98.922, 58710
2041222, 98.92, 58709
2041221, 98.896, 58695
2041211, 98.873, 58681
2041204, 98.856, 58671
2041203, 98.388, 58393
2041202, 98.184, 58272
2041201, 98.133, 58242
2041200, 98.131, 58241
2041144, 98.089, 58216
2041143, 97.838, 58067
2041142, 97.474, 57851
2041141, 97.235, 57709
2041133, 97.188, 57681
2041132, 97.073, 57613
2041131, 96.876, 57496
2041122, 96.829, 57468
2041121, 96.746, 57419
2041111, 96.719, 57403
2041104, 96.718, 57402
2041103, 95.742, 56823
2041102, 95.343, 56586
2041101, 95.196, 56499
2041100, 95.191, 56496
2041044, 95.092, 56437
2041043, 94.824, 56278
2041042, 94.307, 55971
2041041, 93.953, 55761
2041033, 93.872, 55713
2041032, 93.713, 55619
2041031, 93.429, 55450
2041023, 93.363, 55411
2041022, 93.361, 55410
2041021, 93.291, 55368
2041014, 93.211, 55321
2041013, 93.21, 55320
2041012, 93.206, 55318
2041011, 93.205, 55317
2041004, 93.201, 55315
2041003, 91.759, 54459
2041002, 91.092, 54063
2041001, 90.896, 53947
2041000, 90.884, 53940
2040944, 90.682, 53820
2040943, 90.333, 53613
2040942, 89.742, 53262
2040941, 89.449, 53088
2040934, 89.361, 53036
2040933, 89.36, 53035
2040932, 89.184, 52931
2040931, 88.878, 52749
2040924, 88.788, 52696
2040922, 88.785, 52694
2040921, 88.687, 52636
2040914, 88.593, 52580
2040912, 88.591, 52579
2040911, 88.59, 52578
2040904, 88.583, 52574
2040903, 86.793, 51512
2040902, 85.961, 51018
2040901, 85.71, 50869
2040900, 85.693, 50859
2040844, 85.43, 50703
2040843, 85.107, 50511
2040842, 84.399, 50091
2040841, 84.038, 49877
2040834, 83.917, 49805
2040833, 83.912, 49802
2040832, 83.717, 49686
2040831, 83.397, 49496
2040823, 83.317, 49449
2040822, 83.316, 49448
2040821, 83.209, 49385
2040814, 83.139, 49343
2040813, 83.137, 49342
2040812, 83.135, 49341
2040811, 83.134, 49340
2040804, 83.124, 49334
2040803, 80.987, 48066
2040802, 79.981, 47469
2040801, 79.683, 47292
2040800, 79.671, 47285
2040744, 79.279, 47052
2040743, 78.992, 46882
2040742, 78.268, 46452
2040741, 77.828, 46191
2040733, 77.747, 46143
2040732, 77.531, 46015
2040731, 77.13, 45777
2040722, 77.041, 45724
2040721, 76.928, 45657
2040713, 76.842, 45606
2040712, 76.839, 45604
2040711, 76.835, 45602
2040704, 76.822, 45594
2040703, 74.552, 44247
2040702, 73.592, 43677
2040701, 73.245, 43471
2040700, 73.221, 43457
2040644, 72.797, 43205
2040643, 72.465, 43008
2040642, 71.871, 42656
2040641, 71.511, 42442
2040633, 71.398, 42375
2040632, 71.201, 42258
2040631, 70.835, 42041
2040623, 70.759, 41996
2040622, 70.758, 41995
2040621, 70.658, 41936
2040613, 70.562, 41879
2040612, 70.559, 41877
2040611, 70.557, 41876
2040604, 70.537, 41864
2040603, 68.325, 40551
2040602, 67.231, 39902
2040601, 66.874, 39690
2040600, 66.857, 39680
2040544, 66.417, 39419
2040543, 66.136, 39252
2040542, 65.544, 38901
2040541, 65.234, 38717
2040534, 65.167, 38677
2040533, 65.164, 38675
2040532, 64.994, 38574
2040531, 64.7, 38400
2040523, 64.628, 38357
2040522, 64.626, 38356
2040521, 64.539, 38304
2040511, 64.468, 38262
2040504, 64.464, 38260
2040503, 62.335, 36996
2040502, 61.41, 36447
2040501, 61.098, 36262
2040500, 61.071, 36246
2040444, 60.591, 35961
2040443, 60.299, 35788
2040442, 59.77, 35474
2040441, 59.489, 35307
2040433, 59.418, 35265
2040432, 59.251, 35166
2040431, 58.983, 35007
2040424, 58.896, 34955
2040422, 58.894, 34954
2040421, 58.808, 34903
2040413, 58.751, 34869
2040412, 58.749, 34868
2040411, 58.747, 34867
2040404, 58.744, 34865
2040403, 56.651, 33623
2040402, 55.666, 33038
2040401, 55.319, 32832
2040400, 55.295, 32818
2040344, 54.773, 32508
2040343, 54.515, 32355
2040342, 54.097, 32107
2040341, 53.817, 31941
2040333, 53.77, 31913
2040332, 53.644, 31838
2040331, 53.388, 31686
2040324, 53.308, 31639
2040322, 53.305, 31637
2040321, 53.234, 31595
2040314, 53.185, 31566
2040313, 53.184, 31565
2040312, 53.182, 31564
2040311, 53.18, 31563
2040304, 53.175, 31560
2040303, 51.288, 30440
2040302, 50.346, 29881
2040301, 50.056, 29709
2040300, 50.035, 29696
2040244, 49.423, 29333
2040243, 49.226, 29216
2040242, 48.842, 28988
2040241, 48.653, 28876
2040233, 48.592, 28840
2040232, 48.481, 28774
2040231, 48.296, 28664
2040222, 48.233, 28627
2040221, 48.188, 28600
2040212, 48.152, 28579
2040211, 48.149, 28577
2040204, 48.137, 28570
2040203, 46.164, 27399
2040202, 45.165, 26806
2040201, 44.877, 26635
2040200, 44.865, 26628
2021413, 44.248, 26262
2021412, 44.024, 26129
2021411, 43.637, 25899
2021410, 43.222, 25653
2021409, 42.801, 25403
2021408, 42.483, 25214
2021407, 42.193, 25042
2021406, 41.932, 24887
2021405, 41.792, 24804
2021404, 41.674, 24734
2021403, 41.615, 24699
2021402, 41.583, 24680
2021400, 41.556, 24664
2021314, 41.482, 24620
2021312, 41.411, 24578
2021311, 40.921, 24287
2021310, 40.321, 23931
2021309, 39.657, 23537
2021308, 39.098, 23205
2021307, 38.641, 22934
2021306, 38.26, 22708
2021305, 38.038, 22576
2021304, 37.852, 22466
2021303, 37.751, 22406
2021302, 37.681, 22364
2021300, 37.645, 22343
2021214, 37.552, 22288
2021213, 37.465, 22236
2021211, 37.188, 22072
2021210, 36.393, 21600
2021209, 35.654, 21161
2021208, 34.904, 20716
2021207, 34.307, 20362
2021206, 33.817, 20071
2021205, 33.488, 19876
2021204, 33.273, 19748
2021203, 33.151, 19676
2021202, 33.091, 19640
2021200, 33.035, 19607
2021114, 32.947, 19555
2021113, 32.85, 19497
2021112, 32.538, 19312
2021110, 32.233, 19131
2021109, 31.365, 18616
2021108, 30.528, 18119
2021107, 29.783, 17677
2021106, 29.237, 17353
2021105, 28.897, 17151
2021104, 28.642, 17000
2021103, 28.503, 16917
2021102, 28.396, 16854
2021100, 28.334, 16817
2021014, 28.255, 16770
2021013, 28.174, 16722
2021012, 27.92, 16571
2021011, 27.588, 16374
2021009, 27.173, 16128
2021008, 26.206, 15554
2021007, 25.396, 15073
2021006, 24.765, 14699
2021005, 24.361, 14459
2021004, 24.071, 14287
2021003, 23.918, 14196
2021002, 23.822, 14139
2021000, 23.771, 14109
2020914, 23.685, 14058
2020913, 23.611, 14014
2020912, 23.328, 13846
2020911, 22.974, 13636
2020910, 22.57, 13396
2020908, 22.209, 13182
2020907, 21.369, 12683
2020906, 20.752, 12317
2020905, 20.28, 12037
2020904, 19.997, 11869
2020903, 19.834, 11772
2020902, 19.739, 11716
2020900, 19.675, 11678
2020814, 19.594, 11630
2020813, 19.512, 11581
2020812, 19.24, 11420
2020811, 18.833, 11178
2020810, 18.4, 10921
2020809, 17.99, 10678
2020807, 17.618, 10457
2020806, 16.905, 10034
2020805, 16.366, 9714
2020804, 16.066, 9536
2020803, 15.904, 9440
2020802, 15.837, 9400
2020800, 15.763, 9356
2020714, 15.722, 9332
2020713, 15.645, 9286
2020712, 15.389, 9134
2020711, 15.015, 8912
2020710, 14.634, 8686
2020709, 14.229, 8446
2020708, 13.933, 8270
2020706, 13.623, 8086
2020705, 13.109, 7781
2020704, 12.822, 7611
2020703, 12.678, 7525
2020702, 12.619, 7490
2020700, 12.553, 7451
2020614, 12.502, 7421
2020613, 12.45, 7390
2020612, 12.228, 7258
2020611, 11.894, 7060
2020610, 11.527, 6842
2020609, 11.196, 6646
2020608, 10.886, 6462
2020607, 10.639, 6315
2020605, 10.423, 6187
2020604, 10.076, 5981
2020603, 9.931, 5895
2020602, 9.864, 5855
2020600, 9.79, 5811
2020514, 9.746, 5785
2020513, 9.707, 5762
2020512, 9.495, 5636
2020511, 9.186, 5453
2020510, 8.905, 5286
2020509, 8.597, 5103
2020508, 8.364, 4965
2020507, 8.142, 4833
2020506, 7.968, 4730
2020504, 7.823, 4644
2020503, 7.665, 4550
2020502, 7.587, 4504
2020500, 7.525, 4467
2020414, 7.49, 4446
2020413, 7.431, 4411
2020412, 7.244, 4300
2020411, 7.003, 4157
2020410, 6.718, 3988
2020409, 6.501, 3859
2020408, 6.287, 3732
2020407, 6.133, 3641
2020406, 5.99, 3556
2020405, 5.88, 3491
2020403, 5.821, 3456
2020402, 5.741, 3408
2020400, 5.682, 3373
2020314, 5.643, 3350
2020313, 5.584, 3315
2020312, 5.447, 3234
2020311, 5.23, 3105
2020310, 4.976, 2954
2020309, 4.799, 2849
2020308, 4.635, 2752
2020307, 4.514, 2680
2020306, 4.418, 2623
2020305, 4.352, 2584
2020304, 4.287, 2545
2020302, 4.246, 2521
2020300, 4.157, 2468
2020214, 4.123, 2448
2020213, 4.071, 2417
2020212, 3.934, 2336
2020211, 3.757, 2231
2020210, 3.589, 2131
2020209, 3.451, 2049
2020208, 3.338, 1982
2020207, 3.238, 1923
2020206, 3.185, 1891
2020205, 3.117, 1851
2020204, 3.08, 1829
2020203, 3.036, 1803
2020200, 2.982, 1771
2011413, 2.96, 1758
2011412, 2.95, 1752
2011411, 2.853, 1694
2011410, 2.709, 1609
2011409, 2.576, 1530
2011408, 2.428, 1442
2011407, 2.322, 1379
2011406, 2.217, 1317
2011405, 2.142, 1272
2011404, 2.066, 1227
2011403, 1.983, 1178
2011402, 1.904, 1131
2011401, 1.864, 1107
2011400, 1.843, 1095
2011312, 1.842, 1094
2011311, 1.815, 1078
2011310, 1.742, 1035
2011309, 1.673, 994
2011308, 1.569, 932
2011307, 1.479, 879
2011306, 1.392, 827
2011305, 1.319, 784
2011304, 1.255, 746
2011303, 1.215, 722
2011302, 1.178, 700
2011301, 1.161, 690
2011211, 1.147, 682
2011210, 1.117, 664
2011209, 1.051, 625
2011208, 0.984, 585
2011207, 0.912, 542
2011206, 0.851, 506
2011205, 0.795, 473
2011204, 0.751, 447
2011203, 0.716, 426
2011202, 0.696, 414
2011201, 0.691, 411
2011200, 0.682, 406
2011110, 0.681, 405
2011109, 0.659, 392
2011108, 0.612, 364
2011107, 0.563, 335
2011106, 0.507, 302
2011105, 0.462, 275
2011104, 0.431, 257
2011103, 0.411, 245
2011102, 0.384, 229
2011101, 0.377, 225
2011009, 0.369, 220
2011008, 0.347, 207
2011007, 0.303, 181
2011006, 0.278, 166
2011005, 0.253, 151
2011004, 0.239, 143
2011003, 0.224, 134
2011002, 0.209, 125
2011001, 0.202, 121
2010908, 0.201, 120
2010907, 0.185, 111
2010906, 0.17, 102
2010905, 0.153, 92
2010904, 0.145, 87
2010903, 0.131, 79
2010902, 0.121, 73
2010901, 0.118, 71
2010807, 0.115, 69
2010806, 0.103, 62
2010805, 0.094, 57
2010804, 0.084, 51
2010803, 0.076, 46
2010802, 0.074, 45
2010801, 0.071, 43
2010706, 0.069, 42
2010705, 0.064, 39
2010704, 0.062, 38
2010703, 0.056, 34
2010605, 0.051, 31
2010604, 0.047, 29
2010603, 0.042, 26
2010602, 0.032, 20
2010601, 0.03, 19
2010504, 0.027, 17
2010502, 0.025, 16
2010501, 0.024, 15
2010404, 0.022, 14
2010403, 0.017, 11
2010304, 0.012, 8
2010303, 0.01, 7
2010204, 0.005, 4
2010203, 0.003, 3
2010201, 0.002, 2
2000000, 0, 0
3081411, 100, 59349
3081411, 99.997, 59348
3081400, 99.995, 59347
3081306, 99.993, 59346
3081300, 99.992, 59345
3081206, 99.988, 59343
3081204, 99.987, 59342
3081202, 99.985, 59341
3081200, 99.983, 59340
3081109, 99.976, 59336
3081103, 99.973, 59334
3081100, 99.971, 59333
3081008, 99.958, 59325
3081007, 99.955, 59323
3081005, 99.949, 59320
3081004, 99.941, 59315
3081003, 99.938, 59313
3081002, 99.934, 59311
3081000, 99.933, 59310
3080907, 99.914, 59299
3080906, 99.909, 59296
3080905, 99.902, 59292
3080904, 99.899, 59290
3080903, 99.897, 59289
3080900, 99.892, 59286
3080812, 99.862, 59268
3080811, 99.86, 59267
3080810, 99.857, 59265
3080807, 99.855, 59264
3080806, 99.845, 59258
3080805, 99.838, 59254
3080804, 99.832, 59250
3080803, 99.818, 59242
3080802, 99.806, 59235
3080800, 99.805, 59234
3080711, 99.762, 59209
3080708, 99.759, 59207
3080706, 99.747, 59200
3080705, 99.735, 59193
3080704, 99.712, 59179
3080703, 99.7, 59172
3080702, 99.68, 59160
3080700, 99.675, 59157
3080611, 99.597, 59111
3080610, 99.596, 59110
3080609, 99.592, 59108
3080608, 99.587, 59105
3080607, 99.582, 59102
3080605, 99.579, 59100
3080604, 99.552, 59084
3080603, 99.53, 59071
3080602, 99.513, 59061
3080600, 99.506, 59057
3080512, 99.414, 59002
3080511, 99.407, 58998
3080510, 99.404, 58996
3080509, 99.397, 58992
3080508, 99.378, 58981
3080507, 99.372, 58977
3080506, 99.358, 58969
3080504, 99.341, 58959
3080503, 99.302, 58936
3080502, 99.281, 58923
3080500, 99.275, 58920
3080411, 99.184, 58866
3080410, 99.178, 58862
3080409, 99.171, 58858
3080408, 99.159, 58851
3080407, 99.142, 58841
3080406, 99.129, 58833
3080405, 99.099, 58815
3080403, 99.058, 58791
3080402, 99.028, 58773
3080400, 99.013, 58764
3080312, 98.885, 58688
3080311, 98.883, 58687
3080310, 98.878, 58684
3080309, 98.874, 58682
3080308, 98.846, 58665
3080307, 98.829, 58655
3080306, 98.812, 58645
3080305, 98.758, 58613
3080304, 98.714, 58587
3080302, 98.682, 58568
3080300, 98.674, 58563
3080213, 98.524, 58474
3080212, 98.522, 58473
3080211, 98.521, 58472
3080210, 98.504, 58462
3080209, 98.487, 58452
3080208, 98.457, 58434
3080207, 98.403, 58402
3080206, 98.357, 58375
3080205, 98.313, 58349
3080204, 98.261, 58318
3080203, 98.241, 58306
3080200, 98.216, 58291
3041444, 98.029, 58180
3041443, 97.948, 58132
3041442, 97.778, 58031
3041441, 97.666, 57965
3041433, 97.646, 57953
3041432, 97.562, 57903
3041431, 97.469, 57848
3041422, 97.444, 57833
3041421, 97.412, 57814
3041413, 97.393, 57803
3041411, 97.39, 57801
3041404, 97.387, 57799
3041403, 96.765, 57430
3041402, 96.522, 57286
3041401, 96.44, 57237
3041400, 96.438, 57236
3041344, 96.416, 57223
3041343, 95.823, 56871
3041342, 94.986, 56374
3041341, 94.509, 56091
3041333, 94.401, 56027
3041332, 94.173, 55892
3041331, 93.747, 55639
3041324, 93.666, 55591
3041323, 93.663, 55589
3041322, 93.658, 55586
3041321, 93.555, 55525
3041314, 93.44, 55457
3041313, 93.439, 55456
3041312, 93.437, 55455
3041311, 93.435, 55454
3041304, 93.427, 55449
3041303, 90.834, 53910
3041302, 89.836, 53318
3041301, 89.51, 53124
3041300, 89.486, 53110
3041244, 89.203, 52942
3041243, 88.5, 52525
3041242, 87.346, 51840
3041241, 86.687, 51449
3041234, 86.536, 51359
3041233, 86.534, 51358
3041232, 86.247, 51188
3041231, 85.745, 50890
3041224, 85.6, 50804
3041223, 85.597, 50802
3041222, 85.59, 50798
3041221, 85.484, 50735
3041214, 85.365, 50664
3041213, 85.363, 50663
3041212, 85.359, 50661
3041211, 85.354, 50658
3041204, 85.319, 50637
3041203, 82.089, 48720
3041202, 80.699, 47895
3041201, 80.281, 47647
3041200, 80.268, 47639
3041144, 79.764, 47340
3041143, 79.211, 47012
3041142, 78.151, 46383
3041141, 77.629, 46073
3041133, 77.494, 45993
3041132, 77.167, 45799
3041131, 76.682, 45511
3041124, 76.559, 45438
3041122, 76.556, 45436
3041121, 76.439, 45367
3041114, 76.313, 45292
3041113, 76.311, 45291
3041112, 76.306, 45288
3041111, 76.305, 45287
3041104, 76.278, 45271
3041103, 73.051, 43356
3041102, 71.691, 42549
3041101, 71.255, 42290
3041100, 71.226, 42273
3041044, 70.577, 41888
3041043, 70.106, 41608
3041042, 69.299, 41129
3041041, 68.828, 40850
3041034, 68.712, 40781
3041033, 68.711, 40780
3041032, 68.443, 40621
3041031, 68.045, 40385
3041024, 67.937, 40321
3041022, 67.932, 40318
3041021, 67.789, 40233
3041012, 67.681, 40169
3041011, 67.676, 40166
3041004, 67.668, 40161
3041003, 64.542, 38306
3041002, 63.174, 37494
3041001, 62.737, 37235
3041000, 62.709, 37218
3040944, 62.028, 36814
3040943, 61.704, 36622
3040942, 60.999, 36203
3040941, 60.523, 35921
3040934, 60.429, 35865
3040933, 60.427, 35864
3040932, 60.223, 35743
3040931, 59.859, 35527
3040924, 59.768, 35473
3040923, 59.765, 35471
3040922, 59.762, 35469
3040921, 59.622, 35386
3040913, 59.507, 35318
3040911, 59.504, 35316
3040904, 59.497, 35312
3040903, 56.739, 33675
3040902, 55.374, 32865
3040901, 54.918, 32594
3040900, 54.896, 32581
3040844, 54.188, 32161
3040843, 53.898, 31989
3040842, 53.239, 31598
3040841, 52.909, 31402
3040834, 52.827, 31353
3040833, 52.825, 31352
3040832, 52.618, 31229
3040831, 52.304, 31043
3040824, 52.244, 31007
3040822, 52.242, 31006
3040821, 52.119, 30933
3040813, 52.045, 30889
3040811, 52.043, 30888
3040804, 52.04, 30886
3040803, 49.558, 29413
3040802, 48.313, 28674
3040801, 47.947, 28457
3040800, 47.917, 28439
3040744, 47.211, 28020
3040743, 47.025, 27910
3040742, 46.53, 27616
3040741, 46.334, 27500
3040733, 46.272, 27463
3040732, 46.137, 27383
3040731, 45.881, 27231
3040724, 45.815, 27192
3040723, 45.814, 27191
3040722, 45.812, 27190
3040721, 45.74, 27147
3040712, 45.665, 27103
3040711, 45.662, 27101
3040704, 45.659, 27099
3040703, 43.494, 25814
3040702, 42.371, 25148
3040701, 42.011, 24934
3040700, 41.989, 24921
3040644, 41.288, 24505
3040643, 41.136, 24415
3040642, 40.767, 24196
3040641, 40.557, 24071
3040634, 40.501, 24038
3040633, 40.499, 24037
3040632, 40.381, 23967
3040631, 40.196, 23857
3040622, 40.157, 23834
3040621, 40.105, 23803
3040613, 40.053, 23772
3040611, 40.051, 23771
3040604, 40.044, 23767
3040603, 38.137, 22635
3040602, 37.168, 22060
3040601, 36.84, 21865
3040600, 36.819, 21853
3040544, 36.181, 21474
3040543, 36.039, 21390
3040542, 35.756, 21222
3040541, 35.608, 21134
3040533, 35.561, 21106
3040532, 35.468, 21051
3040531, 35.315, 20960
3040522, 35.285, 20942
3040521, 35.222, 20905
3040513, 35.188, 20885
3040511, 35.187, 20884
3040504, 35.177, 20878
3040503, 33.583, 19932
3040502, 32.838, 19490
3040501, 32.572, 19332
3040500, 32.55, 19319
3040444, 31.942, 18958
3040443, 31.834, 18894
3040442, 31.589, 18749
3040441, 31.466, 18676
3040433, 31.421, 18649
3040432, 31.354, 18609
3040431, 31.21, 18524
3040422, 31.18, 18506
3040421, 31.151, 18489
3040414, 31.133, 18478
3040413, 31.131, 18477
3040411, 31.129, 18476
3040404, 31.126, 18474
3040403, 29.82, 17699
3040402, 29.121, 17284
3040401, 28.863, 17131
3040400, 28.853, 17125
3040344, 28.208, 16742
3040343, 28.117, 16688
3040342, 27.935, 16580
3040341, 27.857, 16534
3040334, 27.829, 16517
3040333, 27.827, 16516
3040332, 27.766, 16480
3040331, 27.677, 16427
3040324, 27.642, 16406
3040322, 27.64, 16405
3040321, 27.611, 16388
3040313, 27.596, 16379
3040311, 27.594, 16378
3040304, 27.593, 16377
3040303, 26.469, 15710
3040302, 25.926, 15388
3040301, 25.722, 15267
3040300, 25.712, 15261
3040244, 25.153, 14929
3040243, 25.101, 14898
3040242, 24.971, 14821
3040241, 24.846, 14747
3040234, 24.829, 14737
3040233, 24.828, 14736
3040232, 24.781, 14708
3040231, 24.71, 14666
3040223, 24.678, 14647
3040222, 24.676, 14646
3040221, 24.658, 14635
3040212, 24.646, 14628
3040211, 24.644, 14627
3040204, 24.641, 14625
3040203, 23.802, 14127
3040202, 23.35, 13859
3040201, 23.198, 13769
3040200, 23.195, 13767
3021413, 22.631, 13432
3021412, 22.609, 13419
3021411, 22.583, 13404
3021410, 22.477, 13341
3021409, 22.209, 13182
3021408, 21.785, 12930
3021407, 21.313, 12650
3021406, 20.801, 12346
3021405, 20.347, 12077
3021404, 20.044, 11897
3021403, 19.845, 11779
3021402, 19.729, 11710
3021400, 19.645, 11660
3021314, 19.641, 11658
3021312, 19.635, 11654
3021311, 19.588, 11626
3021310, 19.465, 11553
3021309, 19.249, 11425
3021308, 18.748, 11128
3021307, 18.165, 10782
3021306, 17.574, 10431
3021305, 17.154, 10182
3021304, 16.75, 9942
3021303, 16.518, 9804
3021302, 16.391, 9729
3021300, 16.305, 9678
3021214, 16.256, 9649
3021213, 16.248, 9644
3021211, 16.221, 9628
3021210, 16.113, 9564
3021209, 15.854, 9410
3021208, 15.405, 9144
3021207, 14.802, 8786
3021206, 14.214, 8437
3021205, 13.783, 8181
3021204, 13.4, 7954
3021203, 13.17, 7817
3021202, 13.031, 7735
3021200, 12.961, 7693
3021114, 12.917, 7667
3021113, 12.913, 7665
3021112, 12.885, 7648
3021110, 12.806, 7601
3021109, 12.629, 7496
3021108, 12.287, 7293
3021107, 11.806, 7008
3021106, 11.234, 6668
3021105, 10.804, 6413
3021104, 10.418, 6184
3021103, 10.165, 6034
3021102, 10.047, 5964
3021100, 9.985, 5927
3021014, 9.945, 5903
3021013, 9.938, 5899
3021012, 9.891, 5871
3021011, 9.81, 5823
3021009, 9.653, 5730
3021008, 9.432, 5599
3021007, 9.09, 5396
3021006, 8.659, 5140
3021005, 8.233, 4887
3021004, 7.931, 4708
3021003, 7.746, 4598
3021002, 7.628, 4528
3021000, 7.564, 4490
3020914, 7.538, 4475
3020913, 7.532, 4471
3020912, 7.51, 4458
3020911, 7.431, 4411
3020910, 7.276, 4319
3020908, 7.045, 4182
3020907, 6.843, 4062
3020906, 6.553, 3890
3020905, 6.243, 3706
3020904, 5.975, 3547
3020903, 5.793, 3439
3020902, 5.71, 3390
3020900, 5.668, 3365
3020814, 5.656, 3358
3020813, 5.653, 3356
3020812, 5.628, 3341
3020811, 5.54, 3289
3020810, 5.405, 3209
3020809, 5.212, 3094
3020807, 4.945, 2936
3020806, 4.746, 2818
3020805, 4.539, 2695
3020804, 4.317, 2563
3020803, 4.158, 2469
3020802, 4.074, 2419
3020800, 4.03, 2393
3020714, 4.017, 2385
3020713, 4.012, 2382
3020712, 3.983, 2365
3020711, 3.919, 2327
3020710, 3.818, 2267
3020709, 3.697, 2195
3020708, 3.515, 2087
3020706, 3.348, 1988
3020705, 3.217, 1910
3020704, 3.085, 1832
3020703, 3.009, 1787
3020702, 2.952, 1753
3020700, 2.92, 1734
3020614, 2.908, 1727
3020613, 2.903, 1724
3020612, 2.869, 1704
3020611, 2.809, 1668
3020610, 2.698, 1602
3020609, 2.58, 1532
3020608, 2.474, 1469
3020607, 2.364, 1404
3020605, 2.243, 1332
3020604, 2.158, 1282
3020603, 2.103, 1249
3020602, 2.059, 1223
3020600, 2.029, 1205
3020514, 2.024, 1202
3020513, 2.022, 1201
3020512, 2.007, 1192
3020511, 1.971, 1171
3020510, 1.877, 1115
3020509, 1.771, 1052
3020508, 1.67, 992
3020507, 1.594, 947
3020506, 1.493, 887
3020504, 1.429, 849
3020503, 1.399, 831
3020502, 1.372, 815
3020500, 1.353, 804
3020414, 1.341, 797
3020413, 1.336, 794
3020412, 1.324, 787
3020411, 1.294, 769
3020410, 1.257, 747
3020409, 1.179, 701
3020408, 1.114, 662
3020407, 1.056, 628
3020406, 1.016, 604
3020405, 0.984, 585
3020403, 0.957, 569
3020402, 0.939, 558
3020400, 0.915, 544
3020314, 0.903, 537
3020313, 0.901, 536
3020312, 0.9, 535
3020311, 0.874, 520
3020310, 0.848, 504
3020309, 0.822, 489
3020308, 0.787, 468
3020307, 0.762, 453
3020306, 0.719, 428
3020305, 0.701, 417
3020304, 0.684, 407
3020302, 0.672, 400
3020300, 0.66, 393
3020214, 0.652, 388
3020213, 0.65, 387
3020212, 0.649, 386
3020211, 0.645, 384
3020210, 0.637, 379
3020209, 0.62, 369
3020208, 0.603, 359
3020207, 0.585, 348
3020206, 0.563, 335
3020205, 0.539, 321
3020204, 0.519, 309
3020203, 0.512, 305
3020200, 0.499, 297
3011413, 0.495, 295
3011411, 0.494, 294
3011410, 0.489, 291
3011409, 0.479, 285
3011408, 0.453, 270
3011407, 0.436, 260
3011406, 0.416, 248
3011405, 0.401, 239
3011404, 0.376, 224
3011403, 0.366, 218
3011402, 0.364, 217
3011401, 0.361, 215
3011310, 0.359, 214
3011309, 0.347, 207
3011308, 0.339, 202
3011307, 0.329, 196
3011306, 0.305, 182
3011305, 0.281, 168
3011304, 0.271, 162
3011303, 0.263, 157
3011302, 0.259, 155
3011301, 0.258, 154
3011210, 0.254, 152
3011209, 0.253, 151
3011208, 0.249, 149
3011207, 0.248, 148
3011206, 0.239, 143
3011205, 0.238, 142
3011204, 0.226, 135
3011202, 0.224, 134
3011201, 0.222, 133
3011110, 0.221, 132
3011109, 0.216, 129
3011108, 0.214, 128
3011107, 0.209, 125
3011106, 0.201, 120
3011105, 0.19, 114
3011104, 0.185, 111
3011103, 0.179, 107
3011102, 0.175, 105
3011101, 0.174, 104
3011100, 0.165, 99
3011009, 0.163, 98
3011008, 0.16, 96
3011006, 0.155, 93
3011005, 0.152, 91
3011003, 0.145, 87
3011002, 0.142, 85
3011001, 0.138, 83
3010908, 0.125, 75
3010905, 0.123, 74
3010904, 0.121, 73
3010903, 0.118, 71
3010902, 0.116, 70
3010901, 0.099, 60
3010807, 0.081, 49
3010806, 0.074, 45
3010805, 0.072, 44
3010804, 0.071, 43
3010803, 0.067, 41
3010802, 0.064, 39
3010801, 0.057, 35
3010706, 0.037, 23
3010704, 0.034, 21
3010703, 0.03, 19
3010702, 0.029, 18
3010701, 0.024, 15
3010605, 0.013, 9
3010603, 0.012, 8
3010602, 0.01, 7
3010601, 0.005, 4
3010501, 0.003, 3
3010401, 0.002, 2
3010303, 0.0, 1
3000000, 0, 0
4101100, 100, 59349
4091413, 99.995, 59347
4091405, 99.992, 59345
4091400, 99.983, 59340
4091312, 99.97, 59332
4091300, 99.958, 59325
4091211, 99.941, 59315
4091200, 99.933, 59310
4091110, 99.916, 59300
4091100, 99.901, 59291
4091012, 99.892, 59286
4091009, 99.89, 59285
4091000, 99.875, 59276
4090908, 99.862, 59268
4090900, 99.84, 59255
4090807, 99.83, 59249
4090800, 99.799, 59231
4090706, 99.788, 59224
4090700, 99.771, 59214
4090605, 99.756, 59205
4090600, 99.703, 59174
4081413, 99.693, 59168
4081412, 99.676, 59158
4081411, 99.648, 59141
4081410, 99.614, 59121
4081409, 99.569, 59094
4081408, 99.54, 59077
4081407, 99.511, 59060
4081406, 99.491, 59048
4081405, 99.481, 59042
4081404, 99.478, 59040
4081400, 99.476, 59039
4081314, 99.469, 59035
4081312, 99.456, 59027
4081311, 99.407, 58998
4081310, 99.351, 58965
4081309, 99.302, 58936
4081308, 99.232, 58894
4081307, 99.188, 58868
4081306, 99.144, 58842
4081305, 99.126, 58831
4081304, 99.12, 58828
4081303, 99.109, 58821
4081300, 99.105, 58819
4081214, 99.085, 58807
4081213, 99.068, 58797
4081211, 99.046, 58784
4081210, 99.008, 58761
4081209, 98.95, 58727
4081208, 98.886, 58689
4081207, 98.819, 58649
4081206, 98.762, 58615
4081205, 98.713, 58586
4081204, 98.676, 58564
4081203, 98.671, 58561
4081202, 98.667, 58559
4081200, 98.654, 58551
4081114, 98.62, 58531
4081113, 98.6, 58519
4081112, 98.559, 58495
4081110, 98.497, 58458
4081109, 98.445, 58427
4081108, 98.371, 58383
4081107, 98.288, 58334
4081106, 98.227, 58298
4081105, 98.155, 58255
4081104, 98.101, 58223
4081103, 98.089, 58216
4081100, 98.084, 58213
4081014, 98.037, 58185
4081013, 98.02, 58175
4081012, 97.963, 58141
4081011, 97.902, 58105
4081009, 97.831, 58063
4081008, 97.734, 58005
4081007, 97.606, 57929
4081006, 97.505, 57869
4081005, 97.409, 57812
4081004, 97.36, 57783
4081003, 97.343, 57773
4081000, 97.336, 57769
4080914, 97.291, 57742
4080913, 97.28, 57736
4080912, 97.218, 57699
4080911, 97.159, 57664
4080910, 97.067, 57609
4080908, 96.967, 57550
4080907, 96.831, 57469
4080906, 96.703, 57393
4080905, 96.574, 57317
4080904, 96.495, 57270
4080903, 96.451, 57244
4080902, 96.445, 57240
4080900, 96.443, 57239
4080814, 96.399, 57213
4080813, 96.366, 57193
4080812, 96.291, 57149
4080811, 96.195, 57092
4080810, 96.079, 57023
4080809, 95.961, 56953
4080807, 95.826, 56873
4080806, 95.633, 56758
4080805, 95.503, 56681
4080804, 95.415, 56629
4080803, 95.36, 56596
4080802, 95.35, 56590
4080800, 95.348, 56589
4080714, 95.279, 56548
4080713, 95.267, 56541
4080712, 95.23, 56519
4080711, 95.137, 56464
4080710, 95.006, 56386
4080709, 94.876, 56309
4080708, 94.733, 56224
4080706, 94.585, 56136
4080705, 94.35, 55997
4080704, 94.244, 55934
4080703, 94.209, 55913
4080702, 94.185, 55899
4080700, 94.18, 55896
4080614, 94.121, 55861
4080613, 94.099, 55848
4080612, 94.049, 55818
4080611, 93.948, 55758
4080610, 93.771, 55653
4080609, 93.59, 55546
4080608, 93.378, 55420
4080607, 93.157, 55289
4080605, 92.959, 55171
4080604, 92.827, 55093
4080603, 92.768, 55058
4080602, 92.748, 55046
4080600, 92.746, 55045
4080514, 92.679, 55005
4080513, 92.649, 54987
4080512, 92.578, 54945
4080511, 92.45, 54869
4080510, 92.271, 54763
4080509, 92.055, 54635
4080508, 91.808, 54488
4080507, 91.594, 54361
4080506, 91.393, 54242
4080504, 91.257, 54161
4080503, 91.174, 54112
4080502, 91.152, 54099
4080500, 91.149, 54097
4080414, 91.058, 54043
4080413, 91.043, 54034
4080412, 90.96, 53985
4080411, 90.837, 53912
4080410, 90.605, 53774
4080409, 90.335, 53614
4080408, 90.087, 53467
4080407, 89.798, 53295
4080406, 89.55, 53148
4080405, 89.393, 53055
4080403, 89.307, 53004
4080402, 89.29, 52994
4080400, 89.289, 52993
4080314, 89.213, 52948
4080313, 89.184, 52931
4080312, 89.088, 52874
4080311, 88.918, 52773
4080310, 88.637, 52606
4080309, 88.317, 52416
4080308, 88.02, 52240
4080307, 87.691, 52045
4080306, 87.429, 51889
4080305, 87.262, 51790
4080304, 87.179, 51741
4080300, 87.161, 51730
4080214, 87.088, 51687
4080213, 87.053, 51666
4080212, 86.957, 51609
4080211, 86.785, 51507
4080210, 86.507, 51342
4080209, 86.128, 51117
4080208, 85.691, 50858
4080207, 85.267, 50606
4080206, 84.99, 50442
4080205, 84.829, 50346
4080204, 84.758, 50304
4080203, 84.75, 50299
4080200, 84.748, 50298
4061009, 84.645, 50237
4060605, 84.643, 50236
4041444, 84.642, 50235
4041443, 83.083, 49310
4041442, 80.975, 48059
4041441, 79.797, 47360
4041433, 79.492, 47179
4041432, 78.952, 46858
4041431, 77.797, 46173
4041424, 77.489, 45990
4041423, 77.487, 45989
4041422, 77.481, 45985
4041421, 77.132, 45778
4041414, 76.768, 45562
4041413, 76.76, 45557
4041412, 76.746, 45549
4041411, 76.741, 45546
4041404, 76.701, 45522
4041403, 68.208, 40482
4041402, 65.076, 38623
4041401, 64.197, 38101
4041400, 64.143, 38069
4041344, 62.49, 37088
4041343, 61.59, 36554
4041342, 60.116, 35679
4041341, 59.366, 35234
4041334, 59.169, 35117
4041333, 59.167, 35116
4041332, 58.847, 34926
4041331, 58.154, 34515
4041323, 57.996, 34421
4041322, 57.993, 34419
4041321, 57.768, 34286
4041314, 57.597, 34184
4041313, 57.593, 34182
4041312, 57.592, 34181
4041311, 57.59, 34180
4041304, 57.573, 34170
4041303, 52.225, 30996
4041302, 49.954, 29648
4041301, 49.227, 29217
4041300, 49.184, 29191
4041244, 47.708, 28315
4041243, 47.182, 28003
4041242, 46.346, 27507
4041241, 45.866, 27222
4041234, 45.743, 27149
4041233, 45.741, 27148
4041232, 45.49, 26999
4041231, 45.074, 26752
4041224, 44.949, 26678
4041223, 44.948, 26677
4041222, 44.944, 26675
4041221, 44.83, 26607
4041213, 44.742, 26555
4041211, 44.739, 26553
4041204, 44.725, 26545
4041203, 40.99, 24328
4041202, 39.317, 23335
4041201, 38.767, 23009
4041200, 38.732, 22988
4041144, 37.499, 22256
4041143, 37.266, 22118
4041142, 36.742, 21807
4041141, 36.407, 21608
4041134, 36.321, 21557
4041133, 36.316, 21554
4041132, 36.167, 21466
4041131, 35.884, 21298
4041123, 35.76, 21224
4041122, 35.758, 21223
4041121, 35.625, 21144
4041114, 35.539, 21093
4041112, 35.534, 21090
4041111, 35.532, 21089
4041104, 35.522, 21083
4041103, 32.899, 19526
4041102, 31.569, 18737
4041101, 31.182, 18507
4041100, 31.155, 18491
4041044, 30.211, 17931
4041043, 30.021, 17818
4041042, 29.68, 17616
4041041, 29.495, 17506
4041034, 29.444, 17476
4041033, 29.443, 17475
4041032, 29.311, 17397
4041031, 29.079, 17259
4041024, 29.032, 17231
4041022, 29.03, 17230
4041021, 28.958, 17187
4041014, 28.89, 17147
4041011, 28.888, 17146
4041004, 28.883, 17143
4041003, 26.888, 15959
4041002, 25.987, 15424
4041001, 25.677, 15240
4041000, 25.657, 15228
4040944, 24.764, 14698
4040943, 24.642, 14626
4040942, 24.41, 14488
4040941, 24.221, 14376
4040933, 24.189, 14357
4040932, 24.096, 14302
4040931, 23.92, 14197
4040923, 23.894, 14182
4040922, 23.893, 14181
4040921, 23.832, 14145
4040914, 23.798, 14125
4040913, 23.797, 14124
4040911, 23.795, 14123
4040904, 23.788, 14119
4040903, 22.282, 13225
4040902, 21.463, 12739
4040901, 21.267, 12623
4040900, 21.257, 12617
4040844, 20.497, 12166
4040843, 20.396, 12106
4040842, 20.229, 12007
4040841, 20.122, 11943
4040833, 20.096, 11928
4040832, 20.021, 11883
4040831, 19.925, 11826
4040822, 19.893, 11807
4040821, 19.866, 11791
4040811, 19.835, 11773
4040804, 19.834, 11772
4040803, 18.686, 11091
4040802, 18.034, 10704
4040801, 17.862, 10602
4040800, 17.85, 10595
4040744, 17.128, 10166
4040743, 17.075, 10135
4040742, 16.939, 10054
4040741, 16.839, 9995
4040734, 16.809, 9977
4040733, 16.807, 9976
4040732, 16.747, 9940
4040731, 16.639, 9876
4040722, 16.625, 9868
4040721, 16.61, 9859
4040711, 16.582, 9842
4040704, 16.58, 9841
4040703, 15.741, 9343
4040702, 15.296, 9079
4040701, 15.148, 8991
4040700, 15.133, 8982
4040644, 14.469, 8588
4040643, 14.42, 8559
4040642, 14.33, 8506
4040641, 14.275, 8473
4040633, 14.265, 8467
4040632, 14.236, 8450
4040631, 14.172, 8412
4040624, 14.154, 8401
4040623, 14.152, 8400
4040622, 14.15, 8399
4040621, 14.14, 8393
4040613, 14.127, 8385
4040604, 14.125, 8384
4040603, 13.485, 8004
4040602, 13.141, 7800
4040601, 13.028, 7733
4040600, 13.02, 7728
4040544, 12.462, 7397
4040543, 12.43, 7378
4040542, 12.32, 7313
4040541, 12.277, 7287
4040534, 12.265, 7280
4040533, 12.263, 7279
4040532, 12.228, 7258
4040531, 12.179, 7229
4040522, 12.167, 7222
4040521, 12.106, 7186
4040511, 12.091, 7177
4040504, 12.09, 7176
4040503, 11.552, 6857
4040502, 11.301, 6708
4040501, 11.213, 6656
4040500, 11.205, 6651
4040444, 10.743, 6377
4040443, 10.718, 6362
4040442, 10.644, 6318
4040441, 10.608, 6297
4040433, 10.592, 6287
4040432, 10.575, 6277
4040431, 10.534, 6253
4040424, 10.528, 6249
4040422, 10.526, 6248
4040421, 10.517, 6243
4040411, 10.512, 6240
4040404, 10.509, 6238
4040403, 10.084, 5986
4040402, 9.887, 5869
4040401, 9.803, 5819
4040400, 9.801, 5818
4040344, 9.331, 5539
4040343, 9.303, 5522
4040342, 9.244, 5487
4040341, 9.213, 5469
4040333, 9.202, 5462
4040332, 9.181, 5450
4040331, 9.144, 5428
4040322, 9.134, 5422
4040321, 9.122, 5415
4040313, 9.112, 5409
4040311, 9.111, 5408
4040304, 9.109, 5407
4040303, 8.75, 5194
4040302, 8.565, 5084
4040301, 8.512, 5053
4040300, 8.507, 5050
4040244, 8.11, 4814
4040243, 8.091, 4803
4040242, 8.042, 4774
4040241, 8.004, 4751
4040234, 7.99, 4743
4040233, 7.988, 4742
4040232, 7.971, 4732
4040231, 7.939, 4713
4040223, 7.934, 4710
4040222, 7.933, 4709
4040221, 7.923, 4703
4040211, 7.913, 4697
4040204, 7.911, 4696
4040203, 7.609, 4517
4040202, 7.488, 4445
4040201, 7.434, 4413
4040200, 7.429, 4410
4021413, 7.085, 4206
4021412, 6.811, 4043
4021411, 6.679, 3965
4021410, 6.566, 3898
4021409, 6.47, 3841
4021408, 6.356, 3773
4021407, 6.212, 3688
4021406, 6.12, 3633
4021405, 6.041, 3586
4021404, 5.97, 3544
4021403, 5.897, 3501
4021402, 5.85, 3473
4021400, 5.8, 3443
4021314, 5.798, 3442
4021312, 5.39, 3200
4021311, 5.247, 3115
4021310, 5.09, 3022
4021309, 4.928, 2926
4021308, 4.73, 2808
4021307, 4.49, 2666
4021306, 4.249, 2523
4021305, 4.073, 2418
4021304, 3.923, 2329
4021303, 3.833, 2276
4021302, 3.789, 2250
4021300, 3.747, 2225
4021214, 3.722, 2210
4021213, 3.515, 2087
4021211, 3.269, 1941
4021210, 3.188, 1893
4021209, 3.11, 1847
4021208, 3.006, 1785
4021207, 2.886, 1714
4021206, 2.755, 1636
4021205, 2.615, 1553
4021204, 2.499, 1484
4021203, 2.448, 1454
4021202, 2.42, 1437
4021200, 2.393, 1421
4021114, 2.377, 1412
4021113, 2.169, 1288
4021112, 2.057, 1222
4021110, 1.951, 1159
4021109, 1.907, 1133
4021108, 1.865, 1108
4021107, 1.813, 1077
4021106, 1.737, 1032
4021105, 1.665, 989
4021104, 1.58, 939
4021103, 1.54, 915
4021102, 1.511, 898
4021100, 1.495, 888
4021014, 1.486, 883
4021013, 1.361, 809
4021012, 1.306, 776
4021011, 1.264, 751
4021009, 1.206, 717
4021008, 1.173, 697
4021007, 1.153, 685
4021006, 1.11, 660
4021005, 1.056, 628
4021004, 1.028, 611
4021003, 1.003, 596
4021002, 0.989, 588
4020914, 0.977, 581
4020913, 0.9, 535
4020912, 0.866, 515
4020911, 0.846, 503
4020910, 0.812, 483
4020908, 0.767, 456
4020907, 0.75, 446
4020906, 0.736, 438
4020905, 0.714, 425
4020904, 0.698, 415
4020903, 0.687, 409
4020902, 0.674, 401
4020900, 0.669, 398
4020814, 0.667, 397
4020813, 0.639, 380
4020812, 0.628, 374
4020811, 0.622, 370
4020810, 0.605, 360
4020809, 0.585, 348
4020807, 0.561, 334
4020806, 0.551, 328
4020805, 0.544, 324
4020804, 0.536, 319
4020803, 0.529, 315
4020802, 0.521, 310
4020800, 0.514, 306
4020714, 0.511, 304
4020713, 0.489, 291
4020712, 0.479, 285
4020711, 0.472, 281
4020710, 0.46, 274
4020709, 0.441, 263
4020708, 0.423, 252
4020705, 0.413, 246
4020704, 0.408, 243
4020703, 0.401, 239
4020702, 0.398, 237
4020700, 0.393, 234
4020614, 0.391, 233
4020613, 0.376, 224
4020612, 0.369, 220
4020611, 0.367, 219
4020610, 0.357, 213
4020609, 0.347, 207
4020608, 0.335, 200
4020607, 0.32, 191
4020605, 0.318, 190
4020602, 0.31, 185
4020600, 0.307, 183
4020514, 0.305, 182
4020513, 0.3, 179
4020512, 0.298, 178
4020511, 0.295, 176
4020510, 0.291, 174
4020509, 0.278, 166
4020508, 0.268, 160
4020507, 0.261, 156
4020506, 0.258, 154
4020504, 0.253, 151
4020502, 0.251, 150
4020500, 0.249, 149
4020414, 0.248, 148
4020412, 0.246, 147
4020411, 0.244, 146
4020410, 0.243, 145
4020409, 0.239, 143
4020408, 0.231, 138
4020407, 0.226, 135
4020402, 0.222, 133
4020312, 0.221, 132
4020309, 0.219, 131
4020307, 0.216, 129
4020306, 0.214, 128
4020305, 0.212, 127
4020214, 0.211, 126
4020213, 0.209, 125
4020209, 0.207, 124
4020208, 0.206, 123
4020205, 0.204, 122
4020204, 0.202, 121
4020200, 0.201, 120
4011413, 0.199, 119
4011412, 0.158, 95
4011411, 0.15, 90
4011410, 0.148, 89
4011408, 0.147, 88
4011405, 0.145, 87
4011404, 0.138, 83
4011403, 0.128, 77
4011402, 0.111, 67
4011401, 0.088, 53
4011312, 0.069, 42
4011311, 0.051, 31
4011310, 0.049, 30
4011304, 0.047, 29
4011303, 0.045, 28
4011302, 0.037, 23
4011301, 0.03, 19
4011211, 0.029, 18
4011207, 0.022, 14
4011205, 0.017, 11
4011204, 0.015, 10
4011202, 0.012, 8
4011108, 0.007, 5
4011009, 0.005, 4
4011008, 0.002, 2
4010504, 0.0, 1
4000000, 0, 0
5131413, 100, 59349
5131413, 99.997, 59348
5131407, 99.995, 59347
5131300, 99.993, 59346
5131200, 99.992, 59345
5131100, 99.99, 59344
5130908, 99.988, 59343
5130900, 99.985, 59341
5130807, 99.983, 59340
5130800, 99.981, 59339
5121400, 99.98, 59338
5121300, 99.971, 59333
5121200, 99.961, 59327
5121100, 99.956, 59324
5121000, 99.955, 59323
5120900, 99.949, 59320
5120800, 99.946, 59318
5120700, 99.941, 59315
5120600, 99.938, 59313
5120500, 99.934, 59311
5120400, 99.926, 59306
5120300, 99.916, 59300
5120200, 99.904, 59293
5111413, 99.897, 59289
5111406, 99.885, 59282
5111400, 99.864, 59269
5111312, 99.847, 59259
5111300, 99.835, 59252
5111211, 99.833, 59251
5111200, 99.823, 59245
5111110, 99.813, 59239
5111100, 99.803, 59233
5111009, 99.793, 59227
5111000, 99.771, 59214
5110908, 99.752, 59203
5110900, 99.734, 59192
5110807, 99.727, 59188
5110800, 99.709, 59177
5110706, 99.702, 59173
5110700, 99.67, 59154
5101400, 99.658, 59147
5101300, 99.552, 59084
5101200, 99.415, 59003
5101100, 99.247, 58903
5101000, 99.085, 58807
5100900, 98.88, 58685
5100800, 98.692, 58574
5100700, 98.467, 58440
5100600, 98.297, 58339
5100500, 98.039, 58186
5100400, 97.725, 58000
5100300, 97.409, 57812
5100200, 97.063, 57607
5091413, 96.716, 57401
5091405, 96.463, 57251
5091400, 96.179, 57082
5091312, 96.125, 57050
5091300, 95.948, 56945
5091211, 95.909, 56922
5091200, 95.727, 56814
5091110, 95.673, 56782
5091100, 95.498, 56678
5091009, 95.459, 56655
5091000, 95.25, 56531
5090908, 95.189, 56495
5090900, 94.974, 56367
5090807, 94.915, 56332
5090800, 94.664, 56183
5090706, 94.595, 56142
5090700, 94.34, 55991
5090605, 94.263, 55945
5090600, 94.027, 55805
5081413, 93.965, 55768
5081412, 93.793, 55666
5081411, 93.419, 55444
5081410, 93.087, 55247
5081409, 92.746, 55045
5081408, 92.458, 54874
5081407, 92.231, 54739
5081406, 92.072, 54645
5081405, 91.963, 54580
5081404, 91.916, 54552
5081403, 91.895, 54540
5081402, 91.882, 54532
5081400, 91.875, 54528
5081314, 91.806, 54487
5081312, 91.631, 54383
5081311, 91.27, 54169
5081310, 90.918, 53960
5081309, 90.504, 53714
5081308, 90.172, 53517
5081307, 89.875, 53341
5081306, 89.705, 53240
5081305, 89.599, 53177
5081304, 89.568, 53159
5081303, 89.552, 53149
5081302, 89.542, 53143
5081300, 89.535, 53139
5081214, 89.439, 53082
5081213, 89.26, 52976
5081211, 88.942, 52787
5081210, 88.564, 52563
5081209, 88.148, 52316
5081208, 87.776, 52095
5081207, 87.535, 51952
5081206, 87.361, 51849
5081205, 87.292, 51808
5081204, 87.25, 51783
5081203, 87.231, 51772
5081202, 87.23, 51771
5081200, 87.225, 51768
5081114, 87.122, 51707
5081113, 86.908, 51580
5081112, 86.512, 51345
5081110, 86.104, 51103
5081109, 85.663, 50841
5081108, 85.287, 50618
5081107, 85.001, 50448
5081106, 84.842, 50354
5081105, 84.768, 50310
5081104, 84.724, 50284
5081103, 84.712, 50277
5081102, 84.709, 50275
5081100, 84.707, 50274
5081014, 84.613, 50218
5081013, 84.337, 50054
5081012, 83.942, 49820
5081011, 83.531, 49576
5081009, 83.12, 49332
5081008, 82.795, 49139
5081007, 82.544, 48990
5081006, 82.38, 48893
5081005, 82.301, 48846
5081004, 82.268, 48826
5081003, 82.261, 48822
5081002, 82.252, 48817
5081000, 82.251, 48816
5080914, 82.129, 48744
5080913, 81.862, 48585
5080912, 81.477, 48357
5080911, 81.039, 48097
5080910, 80.583, 47826
5080908, 80.227, 47615
5080907, 80.015, 47489
5080906, 79.838, 47384
5080905, 79.74, 47326
5080904, 79.712, 47309
5080903, 79.7, 47302
5080902, 79.698, 47301
5080900, 79.695, 47299
5080814, 79.6, 47243
5080813, 79.405, 47127
5080812, 78.96, 46863
5080811, 78.47, 46572
5080810, 78.033, 46313
5080809, 77.705, 46118
5080807, 77.418, 45948
5080806, 77.27, 45860
5080805, 77.193, 45814
5080804, 77.162, 45796
5080803, 77.147, 45787
5080802, 77.142, 45784
5080800, 77.137, 45781
5080714, 77.016, 45709
5080713, 76.714, 45530
5080712, 76.294, 45281
5080711, 75.762, 44965
5080710, 75.321, 44703
5080709, 74.968, 44494
5080708, 74.771, 44377
5080706, 74.625, 44290
5080705, 74.586, 44267
5080704, 74.557, 44250
5080703, 74.535, 44237
5080702, 74.532, 44235
5080700, 74.529, 44233
5080614, 74.412, 44164
5080613, 74.188, 44031
5080612, 73.715, 43750
5080611, 73.304, 43506
5080610, 72.864, 43245
5080609, 72.529, 43046
5080608, 72.262, 42888
5080607, 72.129, 42809
5080605, 72.064, 42770
5080604, 72.045, 42759
5080603, 72.038, 42755
5080602, 72.035, 42753
5080600, 72.032, 42751
5080514, 71.924, 42687
5080513, 71.686, 42546
5080512, 71.223, 42271
5080511, 70.711, 41967
5080510, 70.321, 41736
5080509, 70.001, 41546
5080508, 69.772, 41410
5080507, 69.614, 41316
5080506, 69.548, 41277
5080504, 69.521, 41261
5080503, 69.514, 41257
5080502, 69.504, 41251
5080500, 69.502, 41250
5080414, 69.376, 41175
5080413, 69.034, 40972
5080412, 68.645, 40741
5080411, 68.17, 40459
5080410, 67.765, 40219
5080409, 67.474, 40046
5080408, 67.277, 39929
5080407, 67.164, 39862
5080406, 67.101, 39825
5080405, 67.074, 39809
5080403, 67.069, 39806
5080402, 67.068, 39805
5080400, 67.064, 39803
5080314, 66.935, 39726
5080313, 66.682, 39576
5080312, 66.267, 39330
5080311, 65.833, 39072
5080310, 65.374, 38800
5080309, 65.024, 38592
5080308, 64.818, 38470
5080307, 64.697, 38398
5080306, 64.638, 38363
5080305, 64.608, 38345
5080304, 64.603, 38342
5080302, 64.598, 38339
5080300, 64.594, 38337
5080214, 64.48, 38269
5080213, 64.191, 38098
5080212, 63.765, 37845
5080211, 63.304, 37571
5080210, 62.872, 37315
5080209, 62.592, 37149
5080208, 62.392, 37030
5080207, 62.282, 36965
5080206, 62.2, 36916
5080205, 62.175, 36901
5080204, 62.166, 36896
5080200, 62.156, 36890
5071413, 62.045, 36824
5071412, 62.04, 36821
5071411, 62.003, 36799
5071410, 61.961, 36774
5071409, 61.945, 36765
5071408, 61.935, 36759
5071407, 61.925, 36753
5071406, 61.905, 36741
5071405, 61.88, 36726
5071404, 61.856, 36712
5071403, 61.821, 36691
5071402, 61.777, 36665
5071314, 61.716, 36629
5071312, 61.713, 36627
5071311, 61.678, 36606
5071310, 61.647, 36588
5071309, 61.614, 36568
5071308, 61.59, 36554
5071307, 61.563, 36538
5071306, 61.546, 36528
5071305, 61.533, 36520
5071304, 61.514, 36509
5071303, 61.485, 36492
5071302, 61.448, 36470
5071214, 61.398, 36440
5071213, 61.396, 36439
5071211, 61.374, 36426
5071210, 61.329, 36399
5071209, 61.298, 36381
5071208, 61.268, 36363
5071207, 61.243, 36348
5071206, 61.219, 36334
5071205, 61.201, 36323
5071204, 61.179, 36310
5071203, 61.157, 36297
5071202, 61.135, 36284
5071114, 61.101, 36264
5071113, 61.098, 36262
5071112, 61.069, 36245
5071110, 61.027, 36220
5071109, 60.999, 36203
5071108, 60.965, 36183
5071107, 60.94, 36168
5071106, 60.926, 36160
5071105, 60.908, 36149
5071104, 60.899, 36144
5071103, 60.877, 36131
5071102, 60.857, 36119
5071014, 60.817, 36095
5071013, 60.815, 36094
5071012, 60.786, 36077
5071011, 60.742, 36051
5071009, 60.717, 36036
5071008, 60.683, 36016
5071007, 60.651, 35997
5071006, 60.606, 35970
5071005, 60.587, 35959
5071004, 60.557, 35941
5071003, 60.523, 35921
5071002, 60.491, 35902
5070913, 60.459, 35883
5070912, 60.432, 35867
5070911, 60.39, 35842
5070910, 60.341, 35813
5070908, 60.308, 35793
5070907, 60.252, 35760
5070906, 60.225, 35744
5070905, 60.181, 35718
5070904, 60.126, 35685
5070903, 60.087, 35662
5070902, 60.047, 35638
5070814, 60.013, 35618
5070813, 60.008, 35615
5070812, 59.971, 35593
5070811, 59.915, 35560
5070810, 59.865, 35530
5070809, 59.806, 35495
5070807, 59.752, 35463
5070806, 59.662, 35410
5070805, 59.58, 35361
5070804, 59.522, 35327
5070803, 59.472, 35297
5070802, 59.415, 35263
5070714, 59.362, 35232
5070713, 59.356, 35228
5070712, 59.322, 35208
5070711, 59.248, 35164
5070710, 59.14, 35100
5070709, 59.076, 35062
5070708, 58.97, 34999
5070706, 58.899, 34957
5070705, 58.747, 34867
5070704, 58.67, 34821
5070703, 58.579, 34767
5070702, 58.501, 34721
5070614, 58.436, 34682
5070613, 58.417, 34671
5070612, 58.319, 34613
5070611, 58.225, 34557
5070610, 58.121, 34495
5070609, 57.991, 34418
5070608, 57.821, 34317
5070607, 57.72, 34257
5070605, 57.607, 34190
5070604, 57.411, 34074
5070603, 57.282, 33997
5070602, 57.164, 33927
5070514, 57.094, 33886
5070513, 57.049, 33859
5070512, 56.939, 33794
5070511, 56.752, 33683
5070510, 56.567, 33573
5070509, 56.341, 33439
5070508, 56.119, 33307
5070507, 55.898, 33176
5070506, 55.725, 33073
5070504, 55.563, 32977
5070503, 55.334, 32841
5070502, 55.145, 32729
5070414, 55.037, 32665
5070413, 54.985, 32634
5070412, 54.827, 32540
5070411, 54.569, 32387
5070410, 54.313, 32235
5070409, 54.045, 32076
5070408, 53.733, 31891
5070407, 53.46, 31729
5070406, 53.199, 31574
5070405, 52.973, 31440
5070403, 52.808, 31342
5070402, 52.567, 31199
5070314, 52.39, 31094
5070313, 52.338, 31063
5070312, 52.114, 30930
5070311, 51.794, 30740
5070310, 51.418, 30517
5070309, 51.003, 30271
5070308, 50.604, 30034
5070307, 50.222, 29807
5070306, 49.885, 29607
5070305, 49.628, 29455
5070304, 49.416, 29329
5070302, 49.209, 29206
5070214, 48.954, 29055
5070213, 48.853, 28995
5070212, 48.587, 28837
5070211, 48.203, 28609
5070210, 47.73, 28328
5070209, 47.278, 28060
5070208, 46.855, 27809
5070207, 46.371, 27522
5070206, 45.987, 27294
5070205, 45.692, 27119
5070204, 45.435, 26966
5070203, 45.209, 26832
5061414, 45.03, 26726
5061413, 44.499, 26411
5061412, 42.506, 25228
5061411, 40.956, 24308
5061410, 39.876, 23667
5061409, 39.084, 23197
5061408, 38.659, 22945
5061407, 38.314, 22740
5061406, 38.176, 22658
5061405, 38.092, 22608
5061404, 38.06, 22589
5061313, 38.048, 22582
5061312, 37.413, 22205
5061311, 35.042, 20798
5061310, 33.46, 19859
5061309, 32.221, 19124
5061308, 31.401, 18637
5061307, 30.959, 18375
5061306, 30.7, 18221
5061305, 30.572, 18145
5061304, 30.535, 18123
5061303, 30.518, 18113
5061212, 30.514, 18111
5061211, 29.756, 17661
5061210, 27.726, 16456
5061209, 26.319, 15621
5061208, 25.306, 15020
5061207, 24.754, 14692
5061206, 24.417, 14492
5061205, 24.26, 14399
5061204, 24.203, 14365
5061203, 24.181, 14352
5061111, 24.179, 14351
5061110, 23.554, 13980
5061109, 22.049, 13087
5061108, 20.979, 12452
5061107, 20.322, 12062
5061106, 20.009, 11876
5061105, 19.805, 11755
5061104, 19.744, 11719
5061103, 19.732, 11712
5061011, 19.729, 11710
5061010, 19.727, 11709
5061009, 19.267, 11436
5061008, 18.238, 10825
5061007, 17.579, 10434
5061006, 17.22, 10221
5061005, 17.013, 10098
5061004, 16.924, 10045
5060909, 16.9, 10031
5060908, 16.577, 9839
5060907, 15.943, 9463
5060906, 15.502, 9201
5060905, 15.313, 9089
5060904, 15.227, 9038
5060903, 15.195, 9019
5060808, 15.193, 9018
5060807, 15.03, 8921
5060806, 14.664, 8704
5060805, 14.47, 8589
5060804, 14.381, 8536
5060803, 14.349, 8517
5060707, 14.342, 8513
5060706, 14.241, 8453
5060705, 14.074, 8354
5060704, 13.982, 8299
5060703, 13.958, 8285
5060606, 13.955, 8283
5060605, 13.914, 8259
5060604, 13.855, 8224
5060603, 13.84, 8215
5060505, 13.837, 8213
5060504, 13.827, 8207
5060503, 13.813, 8199
5060404, 13.812, 8198
5060403, 13.801, 8192
5060303, 13.795, 8188
5051414, 13.793, 8187
5051413, 13.788, 8184
5051405, 12.526, 7435
5051402, 11.776, 6990
5051312, 11.665, 6924
5051211, 10.88, 6458
5051111, 9.975, 5921
5051110, 9.973, 5920
5051009, 9.028, 5359
5050908, 7.911, 4696
5050808, 6.721, 3990
5050807, 6.72, 3989
5050707, 5.624, 3339
5050706, 5.623, 3338
5050605, 4.509, 2677
5041413, 3.38, 2007
5041412, 3.304, 1962
5041411, 3.225, 1915
5041410, 3.137, 1863
5041409, 3.068, 1822
5041408, 2.994, 1778
5041407, 2.92, 1734
5041406, 2.88, 1710
5041405, 2.848, 1691
5041404, 2.832, 1682
5041403, 2.775, 1648
5041402, 2.753, 1635
5041314, 2.75, 1633
5041312, 2.666, 1583
5041311, 2.618, 1555
5041310, 2.556, 1518
5041309, 2.506, 1488
5041308, 2.436, 1447
5041307, 2.393, 1421
5041306, 2.345, 1393
5041305, 2.322, 1379
5041304, 2.3, 1366
5041303, 2.263, 1344
5041302, 2.241, 1331
5041301, 2.231, 1325
5041214, 2.219, 1318
5041213, 2.177, 1293
5041211, 2.103, 1249
5041210, 2.064, 1226
5041209, 2.017, 1198
5041208, 1.973, 1172
5041207, 1.916, 1138
5041206, 1.874, 1113
5041205, 1.857, 1103
5041204, 1.848, 1098
5041203, 1.823, 1083
5041202, 1.798, 1068
5041201, 1.784, 1060
5041114, 1.761, 1046
5041113, 1.746, 1037
5041112, 1.715, 1019
5041110, 1.666, 990
5041109, 1.628, 967
5041108, 1.604, 953
5041107, 1.56, 927
5041106, 1.533, 911
5041105, 1.516, 901
5041104, 1.508, 896
5041103, 1.481, 880
5041102, 1.476, 877
5041101, 1.459, 867
5041014, 1.439, 855
5041013, 1.429, 849
5041012, 1.415, 841
5041011, 1.383, 822
5041009, 1.34, 796
5041008, 1.328, 789
5041007, 1.308, 777
5041006, 1.289, 766
5041005, 1.272, 756
5041004, 1.255, 746
5041003, 1.235, 734
5041002, 1.23, 731
5041001, 1.218, 724
5040914, 1.208, 718
5040913, 1.2, 713
5040912, 1.183, 703
5040911, 1.159, 689
5040910, 1.137, 676
5040908, 1.114, 662
5040907, 1.097, 652
5040906, 1.087, 646
5040905, 1.073, 638
5040904, 1.065, 633
5040903, 1.051, 625
5040902, 1.048, 623
5040901, 1.04, 618
5040841, 1.033, 614
5040814, 1.031, 613
5040813, 1.028, 611
5040812, 1.011, 601
5040811, 0.994, 591
5040810, 0.976, 580
5040809, 0.96, 571
5040807, 0.954, 567
5040806, 0.95, 565
5040805, 0.942, 560
5040804, 0.935, 556
5040803, 0.927, 551
5040802, 0.922, 548
5040801, 0.92, 547
5040714, 0.918, 546
5040713, 0.915, 544
5040712, 0.91, 541
5040711, 0.896, 533
5040710, 0.881, 524
5040709, 0.873, 519
5040708, 0.859, 511
5040706, 0.846, 503
5040705, 0.842, 501
5040704, 0.841, 500
5040703, 0.834, 496
5040702, 0.827, 492
5040701, 0.826, 491
5040614, 0.824, 490
5040612, 0.821, 488
5040611, 0.817, 486
5040610, 0.805, 479
5040609, 0.797, 474
5040608, 0.772, 459
5040607, 0.763, 454
5040605, 0.753, 448
5040604, 0.751, 447
5040513, 0.75, 446
5040512, 0.745, 443
5040511, 0.736, 438
5040510, 0.73, 434
5040509, 0.725, 431
5040508, 0.721, 429
5040507, 0.719, 428
5040503, 0.711, 423
5040502, 0.709, 422
5040413, 0.708, 421
5040412, 0.704, 419
5040411, 0.703, 418
5040410, 0.698, 415
5040409, 0.689, 410
5040408, 0.679, 404
5040407, 0.676, 402
5040406, 0.671, 399
5040405, 0.667, 397
5040312, 0.666, 396
5040311, 0.664, 395
5040310, 0.662, 394
5040309, 0.657, 391
5040308, 0.655, 390
5040307, 0.65, 387
5040306, 0.647, 385
5040304, 0.645, 384
5040302, 0.644, 383
5040301, 0.64, 381
5040214, 0.639, 380
5040210, 0.637, 379
5040207, 0.635, 378
5031411, 0.632, 376
5031312, 0.63, 375
5031311, 0.598, 356
5031310, 0.581, 346
5031309, 0.578, 344
5031306, 0.576, 343
5031302, 0.575, 342
5031211, 0.573, 341
5031210, 0.527, 314
5031209, 0.504, 300
5031208, 0.497, 296
5031207, 0.492, 293
5031205, 0.49, 292
5031110, 0.489, 291
5031109, 0.453, 270
5031108, 0.443, 264
5031102, 0.436, 260
5031009, 0.435, 259
5031008, 0.401, 239
5031007, 0.382, 228
5031003, 0.381, 227
5031002, 0.377, 225
5030908, 0.371, 221
5030907, 0.364, 217
5030906, 0.361, 215
5030903, 0.359, 214
5030902, 0.356, 212
5030807, 0.349, 208
5030806, 0.347, 207
5030805, 0.344, 205
5030804, 0.34, 203
5030803, 0.339, 202
5030802, 0.335, 200
5030706, 0.332, 198
5030705, 0.33, 197
5030704, 0.329, 196
5030703, 0.327, 195
5030702, 0.324, 193
5030605, 0.322, 192
5030604, 0.317, 189
5030603, 0.312, 186
5030602, 0.308, 184
5030503, 0.3, 179
5030502, 0.293, 175
5030403, 0.291, 174
5030402, 0.29, 173
5030302, 0.288, 172
5021413, 0.275, 164
5021408, 0.273, 163
5021314, 0.271, 162
5021312, 0.268, 160
5021310, 0.253, 151
5021213, 0.251, 150
5021211, 0.236, 141
5021210, 0.217, 130
5021209, 0.216, 129
5021114, 0.214, 128
5021113, 0.211, 126
5021112, 0.179, 107
5021110, 0.168, 101
5021109, 0.163, 98
5021014, 0.16, 96
5021013, 0.158, 95
5021012, 0.14, 84
5021011, 0.121, 73
5021009, 0.116, 70
5020913, 0.115, 69
5020912, 0.108, 65
5020911, 0.096, 58
5020910, 0.086, 52
5020813, 0.084, 51
5020812, 0.079, 48
5020811, 0.071, 43
5020810, 0.069, 42
5020809, 0.066, 40
5020714, 0.064, 39
5020712, 0.062, 38
5020711, 0.056, 34
5020612, 0.054, 33
5020609, 0.051, 31
5020512, 0.049, 30
5020511, 0.047, 29
5020510, 0.044, 27
5020210, 0.042, 26
5011413, 0.04, 25
5011412, 0.037, 23
5011411, 0.034, 21
5011402, 0.03, 19
5011401, 0.027, 17
5011312, 0.025, 16
5011311, 0.024, 15
5011303, 0.022, 14
5011302, 0.017, 11
5011301, 0.013, 9
5011204, 0.008, 6
5011203, 0.007, 5
5011201, 0.005, 4
5011104, 0.003, 3
5011102, 0.002, 2
5000000, 0, 0
6191413, 100, 59349
6191413, 99.997, 59348
6191406, 99.995, 59347
6191400, 99.946, 59318
6191312, 99.939, 59314
6191300, 99.938, 59313
6191211, 99.934, 59311
6191200, 99.929, 59308
6191110, 99.924, 59305
6191009, 99.917, 59301
6190908, 99.855, 59264
6190807, 99.837, 59253
6190706, 99.801, 59232
6181400, 99.757, 59206
6181300, 99.752, 59203
6181200, 99.734, 59192
6181100, 99.729, 59189
6181000, 99.717, 59182
6180900, 99.709, 59177
6180800, 99.702, 59173
6180700, 99.695, 59169
6180600, 99.688, 59165
6180500, 99.68, 59160
6180400, 99.678, 59159
6171413, 99.675, 59157
6171409, 99.67, 59154
6171400, 99.656, 59146
6171312, 99.634, 59133
6171300, 99.619, 59124
6171211, 99.612, 59120
6171200, 99.594, 59109
6171110, 99.587, 59105
6171100, 99.532, 59072
6171009, 99.52, 59065
6171000, 99.501, 59054
6161400, 99.498, 59052
6161300, 99.489, 59047
6161200, 99.478, 59040
6161100, 99.474, 59038
6161000, 99.473, 59037
6160800, 99.464, 59032
6160700, 99.459, 59029
6160600, 99.456, 59027
6160500, 99.449, 59023
6160400, 99.446, 59021
6160300, 99.439, 59017
6160200, 99.437, 59016
6151413, 99.436, 59015
6151408, 99.414, 59002
6151400, 99.375, 58979
6151312, 99.353, 58966
6151300, 99.316, 58944
6151211, 99.307, 58939
6151200, 99.272, 58918
6151110, 99.259, 58910
6151100, 99.228, 58892
6151009, 99.208, 58880
6151000, 99.173, 58859
6150908, 99.159, 58851
6150900, 99.105, 58819
6141400, 99.087, 58808
6141300, 99.04, 58780
6141200, 98.989, 58750
6141100, 98.962, 58734
6141000, 98.927, 58713
6140900, 98.888, 58690
6140800, 98.842, 58663
6140700, 98.815, 58647
6140600, 98.777, 58624
6140500, 98.746, 58606
6140400, 98.716, 58588
6140300, 98.676, 58564
6140200, 98.634, 58539
6131413, 98.586, 58511
6131407, 98.516, 58469
6131400, 98.364, 58379
6131312, 98.254, 58314
6131300, 98.148, 58251
6131211, 98.103, 58224
6131200, 98.01, 58169
6131110, 97.973, 58147
6131100, 97.897, 58102
6131009, 97.837, 58066
6131000, 97.756, 58018
6130908, 97.715, 57994
6130900, 97.599, 57925
6130807, 97.548, 57895
6130800, 97.407, 57811
6121400, 97.355, 57780
6121300, 97.12, 57641
6121200, 96.893, 57506
6121100, 96.612, 57339
6121000, 96.367, 57194
6120900, 96.123, 57049
6120800, 95.877, 56903
6120700, 95.612, 56746
6120600, 95.309, 56566
6120500, 95.009, 56388
6120400, 94.736, 56226
6120300, 94.497, 56084
6120200, 94.226, 55923
6111413, 93.924, 55744
6111406, 93.756, 55644
6111400, 93.403, 55435
6111312, 93.071, 55238
6111300, 92.834, 55097
6111211, 92.719, 55029
6111200, 92.507, 54903
6111110, 92.379, 54827
6111100, 92.118, 54672
6111009, 92.013, 54610
6111000, 91.789, 54477
6110908, 91.639, 54388
6110900, 91.381, 54235
6110807, 91.258, 54162
6110800, 91.001, 54009
6110706, 90.841, 53914
6110700, 90.517, 53722
6101400, 90.359, 53628
6101300, 89.275, 52985
6101200, 88.145, 52314
6101100, 86.926, 51591
6101000, 85.853, 50954
6100900, 84.645, 50237
6100800, 83.45, 49528
6100700, 82.271, 48828
6100600, 81.014, 48082
6100500, 79.733, 47322
6100400, 78.537, 46612
6100300, 77.245, 45845
6100200, 75.937, 45069
6091413, 74.593, 44271
6091405, 73.861, 43837
6091400, 72.92, 43278
6091312, 71.823, 42627
6091300, 71.307, 42321
6091211, 70.951, 42110
6091200, 70.411, 41789
6091110, 70.119, 41616
6091100, 69.595, 41305
6091012, 69.194, 41067
6091009, 69.192, 41066
6091000, 68.658, 40749
6090908, 68.256, 40510
6090900, 67.721, 40193
6090807, 67.342, 39968
6090800, 66.756, 39620
6090706, 66.385, 39400
6090700, 65.814, 39061
6090605, 65.427, 38831
6090600, 64.795, 38456
6081413, 64.437, 38244
6081412, 64.395, 38219
6081411, 64.186, 38095
6081410, 63.851, 37896
6081409, 63.396, 37626
6081408, 62.995, 37388
6081407, 62.601, 37154
6081406, 62.242, 36941
6081405, 62.011, 36804
6081404, 61.907, 36742
6081403, 61.873, 36722
6081402, 61.861, 36715
6081400, 61.858, 36713
6081314, 61.664, 36598
6081312, 61.635, 36581
6081311, 61.389, 36435
6081310, 60.995, 36201
6081309, 60.557, 35941
6081308, 60.148, 35698
6081307, 59.848, 35520
6081306, 59.585, 35364
6081305, 59.415, 35263
6081304, 59.344, 35221
6081303, 59.319, 35206
6081302, 59.305, 35198
6081300, 59.303, 35197
6081214, 59.095, 35073
6081213, 59.046, 35044
6081211, 58.85, 34928
6081210, 58.468, 34701
6081209, 58.058, 34458
6081208, 57.651, 34216
6081207, 57.297, 34006
6081206, 57.02, 33842
6081205, 56.869, 33752
6081204, 56.818, 33722
6081203, 56.808, 33716
6081202, 56.803, 33713
6081200, 56.8, 33711
6081114, 56.648, 33621
6081113, 56.596, 33590
6081112, 56.382, 33463
6081110, 56.051, 33267
6081109, 55.588, 32992
6081108, 55.236, 32783
6081107, 54.948, 32612
6081106, 54.759, 32500
6081105, 54.65, 32435
6081104, 54.601, 32406
6081103, 54.572, 32389
6081102, 54.569, 32387
6081100, 54.565, 32385
6081014, 54.431, 32305
6081013, 54.368, 32268
6081012, 54.156, 32142
6081011, 53.836, 31952
6081009, 53.42, 31705
6081008, 53.084, 31506
6081007, 52.833, 31357
6081006, 52.668, 31259
6081005, 52.538, 31182
6081004, 52.491, 31154
6081003, 52.478, 31146
6081002, 52.471, 31142
6081000, 52.464, 31138
6080914, 52.343, 31066
6080913, 52.265, 31020
6080912, 52.033, 30882
6080911, 51.706, 30688
6080910, 51.334, 30467
6080908, 50.983, 30259
6080907, 50.747, 30119
6080906, 50.589, 30025
6080905, 50.501, 29973
6080904, 50.483, 29962
6080903, 50.468, 29953
6080900, 50.463, 29950
6080814, 50.324, 29868
6080813, 50.267, 29834
6080812, 50.092, 29730
6080811, 49.787, 29549
6080810, 49.475, 29364
6080809, 49.163, 29179
6080807, 48.938, 29045
6080806, 48.803, 28965
6080805, 48.734, 28924
6080804, 48.695, 28901
6080803, 48.683, 28894
6080802, 48.678, 28891
6080800, 48.671, 28887
6080714, 48.559, 28820
6080713, 48.457, 28760
6080712, 48.213, 28615
6080711, 47.879, 28417
6080710, 47.484, 28182
6080709, 47.15, 27984
6080708, 46.931, 27854
6080706, 46.793, 27772
6080705, 46.735, 27738
6080704, 46.715, 27726
6080703, 46.705, 27720
6080702, 46.703, 27719
6080700, 46.702, 27718
6080614, 46.574, 27642
6080613, 46.469, 27580
6080612, 46.265, 27459
6080611, 45.974, 27286
6080610, 45.65, 27094
6080609, 45.34, 26910
6080608, 45.15, 26797
6080607, 45.025, 26723
6080605, 44.98, 26696
6080604, 44.965, 26687
6080603, 44.954, 26681
6080602, 44.949, 26678
6080600, 44.946, 26676
6080514, 44.863, 26627
6080513, 44.764, 26568
6080512, 44.51, 26417
6080511, 44.201, 26234
6080510, 43.886, 26047
6080509, 43.635, 25898
6080508, 43.448, 25787
6080507, 43.359, 25734
6080506, 43.303, 25701
6080504, 43.291, 25694
6080503, 43.286, 25691
6080500, 43.285, 25690
6080414, 43.173, 25624
6080413, 43.081, 25569
6080412, 42.796, 25400
6080411, 42.518, 25235
6080410, 42.232, 25065
6080409, 42.006, 24931
6080408, 41.849, 24838
6080407, 41.773, 24793
6080406, 41.729, 24767
6080405, 41.716, 24759
6080403, 41.713, 24757
6080402, 41.711, 24756
6080400, 41.709, 24755
6080314, 41.605, 24693
6080313, 41.494, 24627
6080312, 41.217, 24463
6080311, 40.931, 24293
6080310, 40.638, 24119
6080309, 40.442, 24003
6080308, 40.296, 23916
6080307, 40.218, 23870
6080306, 40.189, 23853
6080305, 40.164, 23838
6080304, 40.154, 23832
6080300, 40.152, 23831
6080214, 40.068, 23781
6080213, 39.932, 23700
6080212, 39.64, 23527
6080211, 39.337, 23347
6080210, 39.064, 23185
6080209, 38.873, 23072
6080208, 38.742, 22994
6080207, 38.676, 22955
6080206, 38.638, 22932
6080205, 38.627, 22926
6080204, 38.621, 22922
6080200, 38.619, 22921
6071413, 38.521, 22863
6071412, 38.518, 22861
6071411, 38.509, 22856
6071410, 38.504, 22853
6071409, 38.503, 22852
6071408, 38.489, 22844
6071407, 38.462, 22828
6071406, 38.439, 22814
6071405, 38.427, 22807
6071404, 38.393, 22787
6071403, 38.36, 22767
6071402, 38.329, 22749
6071314, 38.296, 22729
6071312, 38.29, 22726
6071311, 38.289, 22725
6071310, 38.277, 22718
6071309, 38.269, 22713
6071308, 38.258, 22707
6071307, 38.242, 22697
6071306, 38.221, 22685
6071305, 38.206, 22676
6071304, 38.178, 22659
6071303, 38.147, 22641
6071302, 38.108, 22618
6071214, 38.06, 22589
6071213, 38.055, 22586
6071211, 38.05, 22583
6071210, 38.041, 22578
6071209, 38.033, 22573
6071208, 38.017, 22564
6071207, 38.001, 22554
6071206, 37.97, 22536
6071205, 37.947, 22522
6071204, 37.915, 22503
6071203, 37.889, 22488
6071202, 37.844, 22461
6071114, 37.782, 22424
6071113, 37.78, 22423
6071112, 37.775, 22420
6071110, 37.768, 22416
6071109, 37.758, 22410
6071108, 37.741, 22400
6071107, 37.713, 22383
6071106, 37.681, 22364
6071105, 37.643, 22342
6071104, 37.606, 22320
6071103, 37.557, 22291
6071102, 37.477, 22243
6071014, 37.397, 22196
6071013, 37.394, 22194
6071012, 37.389, 22191
6071011, 37.379, 22185
6071009, 37.36, 22174
6071008, 37.344, 22164
6071007, 37.303, 22140
6071006, 37.242, 22104
6071005, 37.182, 22068
6071004, 37.118, 22030
6071003, 37.049, 21989
6071002, 36.961, 21937
6070914, 36.846, 21869
6070913, 36.838, 21864
6070912, 36.831, 21860
6070911, 36.823, 21855
6070910, 36.808, 21846
6070908, 36.777, 21828
6070907, 36.71, 21788
6070906, 36.651, 21753
6070905, 36.553, 21695
6070904, 36.429, 21621
6070903, 36.312, 21552
6070902, 36.157, 21460
6070814, 36.012, 21374
6070813, 36.002, 21368
6070812, 35.997, 21365
6070811, 35.975, 21352
6070810, 35.921, 21320
6070809, 35.866, 21287
6070807, 35.79, 21242
6070806, 35.659, 21164
6070805, 35.525, 21085
6070804, 35.374, 20995
6070803, 35.202, 20893
6070802, 35.006, 20777
6070714, 34.747, 20623
6070713, 34.74, 20619
6070712, 34.712, 20602
6070711, 34.676, 20581
6070710, 34.622, 20549
6070709, 34.523, 20490
6070708, 34.397, 20415
6070706, 34.275, 20343
6070705, 34.048, 20208
6070704, 33.847, 20089
6070703, 33.591, 19937
6070702, 33.343, 19790
6070614, 33.091, 19640
6070613, 33.082, 19635
6070612, 33.045, 19613
6070611, 33.008, 19591
6070610, 32.921, 19539
6070609, 32.813, 19475
6070608, 32.693, 19404
6070607, 32.491, 19284
6070605, 32.28, 19159
6070604, 31.99, 18987
6070603, 31.655, 18788
6070602, 31.36, 18613
6070514, 31.018, 18410
6070513, 31.008, 18404
6070512, 30.976, 18385
6070511, 30.89, 18334
6070510, 30.765, 18260
6070509, 30.609, 18167
6070508, 30.395, 18040
6070507, 30.122, 17878
6070506, 29.839, 17710
6070504, 29.603, 17570
6070503, 29.347, 17418
6070502, 29.033, 17232
6070414, 28.663, 17012
6070413, 28.654, 17007
6070412, 28.604, 16977
6070411, 28.506, 16919
6070410, 28.366, 16836
6070409, 28.162, 16715
6070408, 27.945, 16586
6070407, 27.679, 16428
6070406, 27.401, 16263
6070405, 27.131, 16103
6070403, 26.836, 15928
6070402, 26.55, 15758
6070314, 26.169, 15532
6070313, 26.154, 15523
6070312, 26.096, 15489
6070311, 25.962, 15409
6070310, 25.748, 15282
6070309, 25.537, 15157
6070308, 25.291, 15011
6070307, 25.028, 14855
6070306, 24.762, 14697
6070305, 24.467, 14522
6070304, 24.155, 14337
6070302, 23.803, 14128
6070214, 23.497, 13946
6070213, 23.478, 13935
6070212, 23.375, 13874
6070211, 23.24, 13794
6070210, 23.006, 13655
6070209, 22.799, 13532
6070208, 22.556, 13388
6070207, 22.331, 13254
6070206, 22.139, 13140
6070205, 21.953, 13030
6070204, 21.714, 12888
6070203, 21.463, 12739
6061414, 21.112, 12531
6061413, 20.668, 12267
6061412, 18.875, 11203
6061411, 17.476, 10373
6061410, 16.46, 9770
6061409, 15.736, 9340
6061408, 15.252, 9053
6061407, 14.964, 8882
6061406, 14.828, 8801
6061405, 14.757, 8759
6061404, 14.737, 8747
6061313, 14.725, 8740
6061312, 14.312, 8495
6061311, 12.976, 7702
6061310, 11.958, 7098
6061309, 11.239, 6671
6061308, 10.806, 6414
6061307, 10.541, 6257
6061306, 10.394, 6170
6061305, 10.325, 6129
6061304, 10.293, 6110
6061303, 10.288, 6107
6061212, 10.285, 6105
6061211, 10.005, 5939
6061210, 9.116, 5411
6061209, 8.511, 5052
6061208, 8.079, 4796
6061207, 7.837, 4652
6061206, 7.705, 4574
6061205, 7.638, 4534
6061204, 7.609, 4517
6061203, 7.599, 4511
6061111, 7.597, 4510
6061110, 7.414, 4401
6061109, 6.846, 4064
6061108, 6.431, 3818
6061107, 6.217, 3691
6061106, 6.105, 3624
6061105, 6.057, 3596
6061104, 6.029, 3579
6061103, 6.024, 3576
6061010, 6.022, 3575
6061009, 5.909, 3508
6061008, 5.528, 3282
6061007, 5.324, 3161
6061006, 5.21, 3093
6061005, 5.146, 3055
6061004, 5.124, 3042
6061003, 5.122, 3041
6060909, 5.119, 3039
6060908, 5.053, 3000
6060907, 4.856, 2883
6060906, 4.745, 2817
6060905, 4.667, 2771
6060904, 4.644, 2757
6060903, 4.632, 2750
6060808, 4.63, 2749
6060807, 4.573, 2715
6060806, 4.46, 2648
6060805, 4.381, 2601
6060804, 4.356, 2586
6060803, 4.349, 2582
6060707, 4.347, 2581
6060706, 4.327, 2569
6060705, 4.273, 2537
6060704, 4.254, 2526
6060703, 4.238, 2516
6060606, 4.236, 2515
6060605, 4.216, 2503
6060604, 4.211, 2500
6060505, 4.204, 2496
6060504, 4.199, 2493
6060503, 4.194, 2490
6060404, 4.192, 2489
6051413, 4.189, 2487
6051405, 3.633, 2157
6051312, 3.174, 1885
6051211, 2.477, 1471
6051110, 2.098, 1246
6051009, 1.742, 1035
6050908, 1.427, 848
6050807, 1.141, 678
6050706, 0.804, 478
6050605, 0.487, 290
6041412, 0.163, 98
6041410, 0.162, 97
6041409, 0.158, 95
6041408, 0.152, 91
6041406, 0.148, 89
6041405, 0.145, 87
6041404, 0.142, 85
6041403, 0.138, 83
6041314, 0.136, 82
6041312, 0.135, 81
6041311, 0.13, 78
6041310, 0.128, 77
6041309, 0.121, 73
6041308, 0.116, 70
6041307, 0.111, 67
6041306, 0.108, 65
6041303, 0.104, 63
6041214, 0.103, 62
6041213, 0.099, 60
6041211, 0.098, 59
6041210, 0.094, 57
6041209, 0.093, 56
6041207, 0.091, 55
6041205, 0.089, 54
6041112, 0.088, 53
6041110, 0.083, 50
6041108, 0.078, 47
6041106, 0.076, 46
6041105, 0.074, 45
6041013, 0.072, 44
6041011, 0.071, 43
6041009, 0.069, 42
6041008, 0.066, 40
6041007, 0.059, 36
6041006, 0.054, 33
6041004, 0.052, 32
6040913, 0.051, 31
6040911, 0.047, 29
6040910, 0.042, 26
6040906, 0.04, 25
6040905, 0.039, 24
6040813, 0.037, 23
6040812, 0.035, 22
6040810, 0.034, 21
6040809, 0.03, 19
6040805, 0.027, 17
6040712, 0.025, 16
6040710, 0.024, 15
6040709, 0.022, 14
6040612, 0.02, 13
6040611, 0.019, 12
6040610, 0.017, 11
6040608, 0.015, 10
6040604, 0.013, 9
6040513, 0.012, 8
6040511, 0.01, 7
6040312, 0.007, 5
6011403, 0.003, 3
6011402, 0.002, 2
6011202, 0.0, 1
6000000, 0, 0
